# ticks_per_quarter,1024
# meta,0,0,time_signature,1/2
# meta,0,0,tempo,833333
# meta,0,38912,time_signature,2/4
# meta,0,40960,time_signature,1/2
# meta,0,47104,time_signature,2/4
# meta,0,49152,time_signature,1/2
# meta,0,104448,time_signature,2/4
# meta,0,106496,time_signature,1/2
# meta,0,112640,time_signature,2/4
# meta,0,114688,time_signature,1/2
# meta,0,206848,time_signature,2/4
# meta,0,208896,time_signature,1/2
# meta,0,231424,time_signature,2/4
# meta,0,233472,time_signature,1/2
# meta,0,235520,time_signature,2/4
# meta,0,237568,time_signature,1/2
# meta,0,247808,time_signature,2/4
# meta,0,249856,time_signature,1/2
# meta,0,251904,time_signature,2/4
# meta,0,253952,time_signature,1/2
# meta,0,260096,time_signature,2/4
# meta,0,262144,time_signature,1/2
# meta,0,268288,time_signature,2/4
# meta,0,274432,time_signature,1/2
# meta,0,333824,time_signature,2/4
# meta,0,335872,time_signature,1/2
# meta,0,344064,time_signature,4/8
# meta,0,348160,time_signature,1/2
# meta,0,352256,time_signature,2/2
# meta,1,0,meta_03,Grand Piano
# meta,2,0,meta_03,Clarinet
track,channel,pitch,note,start_tick,end_tick,duration_ticks,velocity,release_velocity
1,0,65,F4,0,1792,1792,49,0
1,0,77,F5,0,1792,1792,49,0
1,0,65,F4,1792,2048,256,49,0
1,0,77,F5,1792,2048,256,49,0
1,0,65,F4,2048,3072,1024,49,0
1,0,77,F5,2048,3072,1024,49,0
1,0,65,F4,3072,4096,1024,49,0
1,0,77,F5,3072,4096,1024,49,0
1,0,65,F4,4096,6144,2048,49,0
1,0,77,F5,4096,6144,2048,49,0
1,0,65,F4,6144,8192,2048,49,0
1,0,77,F5,6144,8192,2048,49,0
1,0,46,A#2,8192,9216,1024,49,0
1,0,58,A#3,8192,9216,1024,49,0
1,0,62,D4,8192,9216,1024,49,0
1,0,65,F4,8192,9216,1024,49,0
2,2,58,A#3,8192,9216,1024,49,0
2,2,62,D4,8192,9216,1024,49,0
2,2,65,F4,8192,9216,1024,49,0
2,2,65,F4,8192,9216,1024,49,0
1,0,58,A#3,9216,9984,768,49,0
1,0,62,D4,9216,9984,768,49,0
1,0,65,F4,9216,9984,768,49,0
1,0,70,A#4,9216,9984,768,49,0
2,2,58,A#3,9216,9984,768,49,0
2,2,62,D4,9216,9984,768,49,0
2,2,65,F4,9216,9984,768,49,0
2,2,70,A#4,9216,9984,768,49,0
1,0,58,A#3,9984,10240,256,49,0
1,0,62,D4,9984,10240,256,49,0
1,0,65,F4,9984,10240,256,49,0
1,0,70,A#4,9984,10240,256,49,0
2,2,58,A#3,9984,10240,256,49,0
2,2,62,D4,9984,10240,256,49,0
2,2,65,F4,9984,10240,256,49,0
2,2,70,A#4,9984,10240,256,49,0
1,0,58,A#3,10240,11776,1536,49,0
1,0,62,D4,10240,11776,1536,49,0
1,0,65,F4,10240,11776,1536,49,0
1,0,70,A#4,10240,11776,1536,49,0
2,2,58,A#3,10240,11776,1536,49,0
2,2,62,D4,10240,11776,1536,49,0
2,2,65,F4,10240,11776,1536,49,0
2,2,70,A#4,10240,11776,1536,49,0
1,0,46,A#2,12288,13312,1024,49,0
1,0,58,A#3,12288,13312,1024,49,0
1,0,62,D4,12288,13312,1024,49,0
1,0,65,F4,12288,13312,1024,49,0
2,2,58,A#3,12288,13312,1024,49,0
2,2,62,D4,12288,13312,1024,49,0
2,2,65,F4,12288,13312,1024,49,0
2,2,65,F4,12288,13312,1024,49,0
1,0,53,F3,13312,14080,768,49,0
1,0,63,D#4,13312,14080,768,49,0
1,0,65,F4,13312,14080,768,49,0
1,0,72,C5,13312,14080,768,49,0
2,2,53,F3,13312,14080,768,49,0
2,2,63,D#4,13312,14080,768,49,0
2,2,65,F4,13312,14080,768,49,0
2,2,72,C5,13312,14080,768,49,0
1,0,53,F3,14080,14336,256,49,0
1,0,60,C4,14080,14336,256,49,0
1,0,63,D#4,14080,14336,256,49,0
1,0,65,F4,14080,14336,256,49,0
1,0,69,A4,14080,14336,256,49,0
2,2,53,F3,14080,14336,256,49,0
2,2,60,C4,14080,14336,256,49,0
2,2,65,F4,14080,14336,256,49,0
2,2,69,A4,14080,14336,256,49,0
1,0,58,A#3,14336,15872,1536,49,0
1,0,62,D4,14336,15872,1536,49,0
1,0,65,F4,14336,15872,1536,49,0
1,0,70,A#4,14336,15872,1536,49,0
2,2,58,A#3,14336,15872,1536,49,0
2,2,62,D4,14336,15872,1536,49,0
2,2,65,F4,14336,15872,1536,49,0
2,2,70,A#4,14336,15872,1536,49,0
1,0,58,A#3,16384,17408,1024,49,0
1,0,62,D4,16384,17408,1024,49,0
1,0,65,F4,16384,18176,1792,49,0
2,2,58,A#3,16384,17408,1024,49,0
2,2,62,D4,16384,17408,1024,49,0
2,2,65,F4,16384,17408,1024,49,0
2,2,65,F4,16384,17408,1024,49,0
1,0,58,A#3,17408,18176,768,49,0
1,0,62,D4,17408,18176,768,49,0
1,0,70,A#4,17408,18176,768,49,0
2,2,58,A#3,17408,18176,768,49,0
2,2,62,D4,17408,18176,768,49,0
2,2,65,F4,17408,18176,768,49,0
2,2,70,A#4,17408,18176,768,49,0
1,0,58,A#3,18176,18432,256,49,0
1,0,67,G4,18176,18432,256,49,0
1,0,70,A#4,18176,18432,256,49,0
1,0,75,D#5,18176,18432,256,49,0
2,2,58,A#3,18176,18432,256,49,0
2,2,67,G4,18176,18432,256,49,0
2,2,70,A#4,18176,18432,256,49,0
2,2,75,D#5,18176,18432,256,49,0
1,0,58,A#3,18432,19456,1024,49,0
1,0,67,G4,18432,19456,1024,49,0
1,0,70,A#4,18432,19456,1024,49,0
1,0,75,D#5,18432,19456,1024,49,0
2,2,58,A#3,18432,21504,3072,49,0
2,2,67,G4,18432,19456,1024,49,0
2,2,70,A#4,18432,19456,1024,49,0
2,2,75,D#5,18432,19456,1024,49,0
1,0,58,A#3,19456,20224,768,49,0
1,0,65,F4,19456,20224,768,49,0
1,0,70,A#4,19456,20224,768,49,0
1,0,74,D5,19456,20224,768,49,0
2,2,65,F4,19456,20224,768,49,0
2,2,70,A#4,19456,20224,768,49,0
2,2,74,D5,19456,20224,768,49,0
1,0,58,A#3,20224,20480,256,49,0
1,0,63,D#4,20224,20480,256,49,0
1,0,65,F4,20224,20480,256,49,0
1,0,72,C5,20224,20480,256,49,0
2,2,63,D#4,20224,20480,256,49,0
2,2,65,F4,20224,20480,256,49,0
2,2,72,C5,20224,20480,256,49,0
1,0,58,A#3,20480,22272,1792,49,0
1,0,62,D4,20480,21504,1024,49,0
1,0,65,F4,20480,21504,1024,49,0
1,0,70,A#4,20480,21504,1024,49,0
2,2,62,D4,20480,21504,1024,49,0
2,2,65,F4,20480,21504,1024,49,0
2,2,70,A#4,20480,21504,1024,49,0
1,0,72,C5,21248,21376,128,49,0
1,0,70,A#4,21376,21504,128,49,0
1,0,55,G3,21504,22272,768,49,0
1,0,64,E4,21504,22272,768,49,0
1,0,69,A4,21504,22272,768,49,0
2,2,55,G3,21504,22272,768,49,0
2,2,58,A#3,21504,22272,768,49,0
2,2,64,E4,21504,22272,768,49,0
2,2,69,A4,21504,22272,768,49,0
1,0,55,G3,22272,22528,256,49,0
1,0,58,A#3,22272,22528,256,49,0
1,0,64,E4,22272,22528,256,49,0
1,0,70,A#4,22272,22528,256,49,0
2,2,55,G3,22272,22528,256,49,0
2,2,58,A#3,22272,22528,256,49,0
2,2,64,E4,22272,22528,256,49,0
2,2,70,A#4,22272,22528,256,49,0
1,0,53,F3,22528,24064,1536,49,0
1,0,57,A3,22528,24064,1536,49,0
1,0,65,F4,22528,24064,1536,49,0
1,0,72,C5,22528,24064,1536,49,0
2,2,53,F3,22528,24064,1536,49,0
2,2,57,A3,22528,24064,1536,49,0
2,2,65,F4,22528,24064,1536,49,0
2,2,72,C5,22528,24064,1536,49,0
1,0,46,A#2,24576,25600,1024,49,0
1,0,58,A#3,24576,25600,1024,49,0
1,0,62,D4,24576,25600,1024,49,0
1,0,65,F4,24576,25600,1024,49,0
2,2,58,A#3,24576,25600,1024,49,0
2,2,62,D4,24576,25600,1024,49,0
2,2,65,F4,24576,25600,1024,49,0
2,2,65,F4,24576,25600,1024,49,0
1,0,58,A#3,25600,26368,768,49,0
1,0,62,D4,25600,26368,768,49,0
1,0,65,F4,25600,26368,768,49,0
1,0,70,A#4,25600,26368,768,49,0
2,2,58,A#3,25600,26368,768,49,0
2,2,62,D4,25600,26368,768,49,0
2,2,65,F4,25600,26368,768,49,0
2,2,70,A#4,25600,26368,768,49,0
1,0,58,A#3,26368,26624,256,49,0
1,0,62,D4,26368,26624,256,49,0
1,0,65,F4,26368,26624,256,49,0
1,0,70,A#4,26368,26624,256,49,0
2,2,58,A#3,26368,26624,256,49,0
2,2,62,D4,26368,26624,256,49,0
2,2,65,F4,26368,26624,256,49,0
2,2,70,A#4,26368,26624,256,49,0
1,0,58,A#3,26624,28160,1536,49,0
1,0,62,D4,26624,28160,1536,49,0
1,0,65,F4,26624,28160,1536,49,0
1,0,70,A#4,26624,28160,1536,49,0
2,2,58,A#3,26624,28160,1536,49,0
2,2,62,D4,26624,28160,1536,49,0
2,2,65,F4,26624,28160,1536,49,0
2,2,70,A#4,26624,28160,1536,49,0
1,0,46,A#2,28672,29696,1024,49,0
1,0,58,A#3,28672,29696,1024,49,0
1,0,62,D4,28672,29696,1024,49,0
1,0,65,F4,28672,29696,1024,49,0
2,2,58,A#3,28672,29696,1024,49,0
2,2,62,D4,28672,29696,1024,49,0
2,2,65,F4,28672,29696,1024,49,0
2,2,65,F4,28672,29696,1024,49,0
1,0,53,F3,29696,30464,768,49,0
1,0,63,D#4,29696,30464,768,49,0
1,0,65,F4,29696,30464,768,49,0
1,0,72,C5,29696,30464,768,49,0
2,2,53,F3,29696,30464,768,49,0
2,2,63,D#4,29696,30464,768,49,0
2,2,65,F4,29696,30464,768,49,0
2,2,72,C5,29696,30464,768,49,0
1,0,53,F3,30464,30720,256,49,0
1,0,60,C4,30464,30720,256,49,0
1,0,63,D#4,30464,30720,256,49,0
1,0,65,F4,30464,30720,256,49,0
1,0,69,A4,30464,30720,256,49,0
2,2,53,F3,30464,30720,256,49,0
2,2,60,C4,30464,30720,256,49,0
2,2,65,F4,30464,30720,256,49,0
2,2,69,A4,30464,30720,256,49,0
1,0,58,A#3,30720,32256,1536,49,0
1,0,62,D4,30720,32256,1536,49,0
1,0,65,F4,30720,32256,1536,49,0
1,0,70,A#4,30720,32256,1536,49,0
2,2,58,A#3,30720,32256,1536,49,0
2,2,62,D4,30720,32256,1536,49,0
2,2,65,F4,30720,32256,1536,49,0
2,2,70,A#4,30720,32256,1536,49,0
1,0,58,A#3,32768,33792,1024,49,0
1,0,62,D4,32768,33792,1024,49,0
1,0,65,F4,32768,33792,1024,49,0
2,2,58,A#3,32768,33792,1024,49,0
2,2,62,D4,32768,33792,1024,49,0
2,2,65,F4,32768,33792,1024,49,0
2,2,65,F4,32768,33792,1024,49,0
1,0,58,A#3,33792,34560,768,49,0
1,0,62,D4,33792,34560,768,49,0
1,0,65,F4,33792,34560,768,49,0
1,0,70,A#4,33792,34560,768,49,0
2,2,58,A#3,33792,34560,768,49,0
2,2,62,D4,33792,34560,768,49,0
2,2,65,F4,33792,34560,768,49,0
2,2,70,A#4,33792,34560,768,49,0
1,0,58,A#3,34560,34816,256,49,0
1,0,62,D4,34560,34816,256,49,0
1,0,65,F4,34560,34816,256,49,0
1,0,74,D5,34560,34816,256,49,0
2,2,58,A#3,34560,34816,256,49,0
2,2,62,D4,34560,34816,256,49,0
2,2,65,F4,34560,34816,256,49,0
2,2,74,D5,34560,34816,256,49,0
1,0,50,D3,34816,35840,1024,49,0
1,0,57,A3,34816,35840,1024,49,0
1,0,62,D4,34816,35840,1024,49,0
1,0,65,F4,34816,35840,1024,49,0
1,0,69,A4,34816,35840,1024,49,0
1,0,77,F5,34816,35840,1024,49,0
2,2,50,D3,34816,35840,1024,49,0
2,2,62,D4,34816,35840,1024,49,0
2,2,69,A4,34816,35840,1024,49,0
2,2,77,F5,34816,35840,1024,49,0
1,0,55,G3,35840,36864,1024,49,0
1,0,58,A#3,35840,36864,1024,49,0
1,0,62,D4,35840,36864,1024,49,0
1,0,67,G4,35840,36864,1024,49,0
1,0,74,D5,35840,36608,768,49,0
2,2,55,G3,35840,36608,768,49,0
2,2,58,A#3,35840,36608,768,49,0
2,2,67,G4,35840,36608,768,49,0
2,2,74,D5,35840,36608,768,49,0
1,0,70,A#4,36608,36864,256,49,0
2,2,55,G3,36608,36864,256,49,0
2,2,62,D4,36608,36864,256,49,0
2,2,67,G4,36608,36864,256,49,0
2,2,70,A#4,36608,36864,256,49,0
1,0,51,D#3,36864,37888,1024,49,0
1,0,55,G3,36864,37888,1024,49,0
1,0,60,C4,36864,37888,1024,49,0
1,0,67,G4,36864,37888,1024,49,0
2,2,51,D#3,36864,37888,1024,75,0
2,2,60,C4,36864,37888,1024,75,0
2,2,67,G4,36864,37888,1024,75,0
2,2,67,G4,36864,37888,1024,75,0
1,0,53,F3,37888,38912,1024,49,0
1,0,57,A3,37888,38912,1024,49,0
1,0,63,D#4,37888,38912,1024,49,0
1,0,65,F4,37888,38656,768,49,0
1,0,72,C5,37888,38656,768,49,0
2,2,53,F3,37888,38656,768,49,0
2,2,57,A3,37888,38656,768,49,0
2,2,63,D#4,37888,38656,768,49,0
2,2,72,C5,37888,38656,768,49,0
1,0,65,F4,38656,38912,256,49,0
1,0,74,D5,38656,38912,256,49,0
2,2,53,F3,38656,38912,256,49,0
2,2,57,A3,38656,38912,256,49,0
2,2,65,F4,38656,38912,256,49,0
2,2,74,D5,38656,38912,256,49,0
1,0,58,A#3,38912,39424,512,49,0
1,0,62,D4,38912,39424,512,49,0
1,0,65,F4,38912,39424,512,49,0
1,0,70,A#4,38912,39424,512,49,0
2,2,58,A#3,38912,40448,1536,49,0
2,2,58,A#3,38912,40448,1536,49,0
2,2,62,D4,38912,40448,1536,49,0
2,2,70,A#4,38912,40448,1536,49,0
1,0,58,A#3,39424,39595,171,36,0
1,0,70,A#4,39424,39595,171,36,0
1,0,58,A#3,39595,39765,170,36,0
1,0,70,A#4,39595,39765,170,36,0
1,0,58,A#3,39765,39936,171,36,0
1,0,70,A#4,39765,39936,171,36,0
1,0,58,A#3,39936,40448,512,36,0
1,0,70,A#4,39936,40448,512,36,0
1,0,58,A#3,40448,40960,512,36,0
1,0,70,A#4,40448,40960,512,36,0
1,0,58,A#3,40960,41472,512,36,0
1,0,70,A#4,40960,41472,512,36,0
2,2,67,G4,40960,41984,1024,75,0
2,2,70,A#4,40960,41984,1024,75,0
2,2,75,D#5,40960,41984,1024,75,0
2,2,65,F4,41984,42496,512,75,0
2,2,69,A4,41984,42496,512,75,0
2,2,74,D5,41984,42496,512,75,0
2,2,63,D#4,42496,43008,512,75,0
2,2,67,G4,42496,43008,512,75,0
2,2,72,C5,42496,43008,512,75,0
2,2,60,C4,43008,44032,1024,75,0
2,2,63,D#4,43008,44032,1024,75,0
2,2,67,G4,43008,44032,1024,75,0
2,2,60,C4,44032,45056,1024,75,0
2,2,63,D#4,44032,45056,1024,75,0
2,2,67,G4,44032,45056,1024,75,0
1,0,53,F3,45056,46080,1024,75,0
1,0,60,C4,45056,46080,1024,75,0
1,0,65,F4,45056,46080,1024,75,0
1,0,69,A4,45056,46080,1024,75,0
2,2,53,F3,45056,46080,1024,75,0
2,2,60,C4,45056,46080,1024,75,0
2,2,65,F4,45056,46080,1024,75,0
2,2,69,A4,45056,46080,1024,75,0
1,0,53,F3,46080,46848,768,75,0
1,0,62,D4,46080,46848,768,75,0
1,0,65,F4,46080,46848,768,75,0
1,0,70,A#4,46080,46848,768,75,0
2,2,53,F3,46080,46848,768,75,0
2,2,62,D4,46080,46848,768,75,0
2,2,65,F4,46080,46848,768,75,0
2,2,70,A#4,46080,46848,768,75,0
1,0,53,F3,46848,47104,256,75,0
1,0,57,A3,46848,47104,256,75,0
1,0,65,F4,46848,47104,256,75,0
1,0,72,C5,46848,47104,256,75,0
2,2,53,F3,46848,47104,256,75,0
2,2,57,A3,46848,47104,256,75,0
2,2,65,F4,46848,47104,256,75,0
2,2,72,C5,46848,47104,256,75,0
1,0,53,F3,47104,48640,1536,75,0
1,0,57,A3,47104,48640,1536,75,0
1,0,65,F4,47104,47616,512,75,0
1,0,72,C5,47104,47616,512,75,0
2,2,53,F3,47104,48640,1536,75,0
2,2,57,A3,47104,48640,1536,75,0
2,2,65,F4,47104,48640,1536,75,0
2,2,72,C5,47104,48640,1536,75,0
1,0,65,F4,47616,47787,171,75,0
1,0,77,F5,47616,47787,171,75,0
1,0,65,F4,47787,47957,170,75,0
1,0,77,F5,47787,47957,170,75,0
1,0,65,F4,47957,48128,171,75,0
1,0,77,F5,47957,48128,171,75,0
1,0,65,F4,48128,48640,512,75,0
1,0,77,F5,48128,48640,512,75,0
1,0,65,F4,48640,49152,512,75,0
1,0,77,F5,48640,49152,512,75,0
1,0,70,A#4,49152,49664,512,36,0
1,0,82,A#5,49152,49664,512,36,0
2,2,67,G4,49152,50176,1024,49,0
2,2,70,A#4,49152,50176,1024,49,0
2,2,75,D#5,49152,50176,1024,49,0
2,2,65,F4,50176,50688,512,49,0
2,2,69,A4,50176,50688,512,49,0
2,2,74,D5,50176,50688,512,49,0
2,2,63,D#4,50688,51200,512,49,0
2,2,67,G4,50688,51200,512,49,0
2,2,72,C5,50688,51200,512,49,0
2,2,60,C4,51200,52224,1024,49,0
2,2,63,D#4,51200,52224,1024,49,0
2,2,67,G4,51200,52224,1024,49,0
2,2,60,C4,52224,53248,1024,49,0
2,2,63,D#4,52224,53248,1024,49,0
2,2,67,G4,52224,53248,1024,49,0
1,0,55,G3,53248,54272,1024,49,0
1,0,59,B3,53248,54272,1024,49,0
1,0,62,D4,53248,54272,1024,49,0
1,0,67,G4,53248,54272,1024,49,0
2,2,55,G3,53248,54272,1024,49,0
2,2,59,B3,53248,54272,1024,49,0
2,2,62,D4,53248,54272,1024,49,0
2,2,67,G4,53248,54272,1024,49,0
1,0,50,D3,54272,55040,768,49,0
1,0,60,C4,54272,55040,768,49,0
1,0,66,F#4,54272,55040,768,49,0
1,0,69,A4,54272,55040,768,49,0
2,2,50,D3,54272,55040,768,49,0
2,2,62,D4,54272,55040,768,49,0
2,2,66,F#4,54272,55040,768,49,0
2,2,69,A4,54272,55040,768,49,0
1,0,43,G2,55040,55296,256,49,0
1,0,62,D4,55040,55296,256,49,0
1,0,67,G4,55040,55296,256,49,0
1,0,71,B4,55040,55296,256,49,0
2,2,55,G3,55040,55296,256,49,0
2,2,62,D4,55040,55296,256,49,0
2,2,67,G4,55040,55296,256,49,0
2,2,71,B4,55040,55296,256,49,0
1,0,43,G2,55296,57344,2048,49,0
1,0,67,G4,55296,56832,1536,49,0
1,0,71,B4,55296,57344,2048,49,0
2,2,55,G3,55296,56832,1536,49,0
2,2,62,D4,55296,57344,2048,49,0
2,2,67,G4,55296,57344,2048,49,0
2,2,71,B4,55296,57344,2048,49,0
1,0,47,B2,55808,56320,512,49,0
1,0,62,D4,55808,56320,512,49,0
1,0,50,D3,56320,56832,512,49,0
1,0,67,G4,56320,57344,1024,49,0
1,0,55,G3,56832,57344,512,49,0
1,0,71,B4,56832,57344,512,49,0
2,2,55,G3,56832,57344,512,49,0
1,0,59,B3,57344,57856,512,49,0
1,0,67,G4,57344,58368,1024,49,0
1,0,74,D5,57344,58368,1024,49,0
2,2,55,G3,57344,60416,3072,49,0
2,2,59,B3,57344,58368,1024,49,0
2,2,67,G4,57344,58368,1024,49,0
2,2,74,D5,57344,58368,1024,49,0
1,0,55,G3,57856,58368,512,49,0
1,0,55,G3,57856,60416,2560,49,0
1,0,60,C4,58368,58880,512,49,0
1,0,67,G4,58368,59392,1024,49,0
1,0,76,E5,58368,58880,512,49,0
2,2,60,C4,58368,58880,512,49,0
2,2,67,G4,58368,58880,512,49,0
2,2,76,E5,58368,58880,512,49,0
1,0,59,B3,58880,59392,512,49,0
1,0,74,D5,58880,59392,512,49,0
2,2,59,B3,58880,59392,512,49,0
2,2,67,G4,58880,59392,512,49,0
2,2,74,D5,58880,59392,512,49,0
1,0,64,E4,59392,59904,512,49,0
1,0,69,A4,59392,59904,512,49,0
1,0,72,C5,59392,60416,1024,49,0
2,2,64,E4,59392,59904,512,49,0
2,2,64,E4,59392,59904,512,49,0
2,2,69,A4,59392,59904,512,49,0
2,2,72,C5,59392,60416,1024,49,0
1,0,63,D#4,59904,60416,512,49,0
1,0,66,F#4,59904,60416,512,49,0
2,2,63,D#4,59904,60416,512,49,0
2,2,63,D#4,59904,60416,512,49,0
2,2,66,F#4,59904,60416,512,49,0
1,0,55,G3,60416,61440,1024,49,0
1,0,62,D4,60416,60928,512,49,0
1,0,67,G4,60416,61440,1024,49,0
1,0,71,B4,60416,61440,1024,49,0
2,2,55,G3,60416,61440,1024,49,0
2,2,62,D4,60416,60928,512,49,0
2,2,62,D4,60416,61440,1024,49,0
2,2,67,G4,60416,61440,1024,49,0
2,2,71,B4,60416,61440,1024,49,0
1,0,59,B3,60928,61440,512,49,0
2,2,59,B3,60928,61440,512,49,0
1,0,57,A3,61440,61952,512,49,0
1,0,66,F#4,61440,63488,2048,49,0
1,0,74,D5,61440,61952,512,49,0
2,2,50,D3,61440,62976,1536,49,0
2,2,57,A3,61440,62464,1024,49,0
2,2,60,C4,61440,62464,1024,49,0
2,2,66,F#4,61440,62464,1024,49,0
2,2,74,D5,61440,61952,512,49,0
1,0,50,D3,61952,62464,512,49,0
1,0,50,D3,61952,63488,1536,49,0
1,0,73,C#5,61952,62464,512,49,0
2,2,73,C#5,61952,62464,512,49,0
1,0,57,A3,62464,62976,512,49,0
1,0,72,C5,62464,62976,512,49,0
2,2,57,A3,62464,62976,512,49,0
2,2,57,A3,62464,62976,512,49,0
2,2,66,F#4,62464,62976,512,49,0
2,2,72,C5,62464,62976,512,49,0
1,0,62,D4,62976,63488,512,49,0
1,0,71,B4,62976,63488,512,49,0
2,2,50,D3,62976,63488,512,49,0
2,2,62,D4,62976,63488,512,49,0
2,2,62,D4,62976,63488,512,49,0
2,2,66,F#4,62976,63488,512,49,0
2,2,71,B4,62976,63488,512,49,0
1,0,48,C3,63488,65536,2048,49,0
1,0,50,D3,63488,64000,512,49,0
1,0,60,C4,63488,65536,2048,49,0
1,0,66,F#4,63488,65536,2048,49,0
1,0,71,B4,63488,64512,1024,49,0
2,2,50,D3,63488,65024,1536,49,0
2,2,60,C4,63488,64512,1024,49,0
2,2,66,F#4,63488,64512,1024,49,0
2,2,71,B4,63488,64512,1024,49,0
1,0,54,F#3,64000,64512,512,49,0
1,0,57,A3,64512,65024,512,49,0
1,0,69,A4,64512,65536,1024,49,0
2,2,60,C4,64512,65536,1024,49,0
2,2,66,F#4,64512,65536,1024,49,0
2,2,69,A4,64512,65536,1024,49,0
1,0,60,C4,65024,65536,512,49,0
2,2,50,D3,65024,65536,512,49,0
1,0,47,B2,65536,66048,512,49,0
1,0,62,D4,65536,66560,1024,49,0
1,0,67,G4,65536,66560,1024,49,0
1,0,74,D5,65536,66560,1024,49,0
2,2,47,B2,65536,66560,1024,49,0
2,2,55,G3,65536,66560,1024,49,0
2,2,62,D4,65536,66560,1024,49,0
2,2,67,G4,65536,66560,1024,49,0
2,2,74,D5,65536,66560,1024,49,0
1,0,50,D3,66048,66560,512,49,0
1,0,55,G3,66560,67072,512,49,0
1,0,76,E5,66560,67072,512,49,0
2,2,47,B2,66560,67072,512,49,0
2,2,55,G3,66560,67072,512,49,0
2,2,62,D4,66560,67072,512,49,0
2,2,67,G4,66560,67072,512,49,0
2,2,76,E5,66560,67072,512,49,0
1,0,59,B3,67072,67584,512,49,0
1,0,78,F#5,67072,67584,512,49,0
2,2,47,B2,67072,67584,512,49,0
2,2,55,G3,67072,67584,512,49,0
2,2,62,D4,67072,67584,512,49,0
2,2,67,G4,67072,67584,512,49,0
2,2,78,F#5,67072,67584,512,49,0
1,0,52,E3,67584,68096,512,49,0
1,0,67,G4,67584,69632,2048,49,0
1,0,79,G5,67584,68608,1024,49,0
2,2,52,E3,67584,68608,1024,49,0
2,2,59,B3,67584,68608,1024,49,0
2,2,67,G4,67584,68608,1024,49,0
2,2,79,G5,67584,68608,1024,49,0
1,0,55,G3,68096,68608,512,49,0
1,0,59,B3,68608,69120,512,49,0
1,0,71,B4,68608,69632,1024,49,0
2,2,52,E3,68608,69632,1024,49,0
2,2,59,B3,68608,69632,1024,49,0
2,2,67,G4,68608,69632,1024,49,0
2,2,71,B4,68608,69632,1024,49,0
1,0,64,E4,69120,69632,512,49,0
1,0,50,D3,69632,70144,512,49,0
1,0,50,D3,69632,70656,1024,49,0
1,0,62,D4,69632,70656,1024,49,0
1,0,67,G4,69632,70656,1024,49,0
1,0,71,B4,69632,70656,1024,49,0
2,2,50,D3,69632,70656,1024,49,0
2,2,62,D4,69632,70656,1024,49,0
2,2,67,G4,69632,70656,1024,49,0
2,2,71,B4,69632,70656,1024,49,0
1,0,55,G3,70144,70656,512,49,0
1,0,48,C3,70656,71168,512,49,0
1,0,49,C#3,70656,71680,1024,49,0
1,0,64,E4,70656,71680,1024,49,0
1,0,69,A4,70656,71424,768,49,0
2,2,49,C#3,70656,71424,768,49,0
2,2,55,G3,70656,71424,768,49,0
2,2,64,E4,70656,71424,768,49,0
2,2,69,A4,70656,71424,768,49,0
1,0,57,A3,71168,71680,512,49,0
1,0,67,G4,71424,71680,256,49,0
2,2,49,C#3,71424,71680,256,49,0
2,2,55,G3,71424,71680,256,49,0
2,2,64,E4,71424,71680,256,49,0
2,2,67,G4,71424,71680,256,49,0
1,0,50,D3,71680,72192,512,49,0
1,0,66,F#4,71680,73728,2048,49,0
1,0,69,A4,71680,73728,2048,49,0
1,0,76,E5,71680,72704,1024,49,0
2,2,50,D3,71680,73216,1536,49,0
2,2,57,A3,71680,72704,1024,49,0
2,2,60,C4,71680,72704,1024,49,0
2,2,66,F#4,71680,72704,1024,49,0
2,2,76,E5,71680,72704,1024,49,0
1,0,54,F#3,72192,72704,512,49,0
1,0,57,A3,72704,73216,512,49,0
1,0,74,D5,72704,73728,1024,49,0
2,2,57,A3,72704,73728,1024,49,0
2,2,60,C4,72704,73728,1024,49,0
2,2,66,F#4,72704,73728,1024,49,0
2,2,74,D5,72704,73728,1024,49,0
1,0,60,C4,73216,73728,512,49,0
2,2,50,D3,73216,73728,512,49,0
1,0,55,G3,73728,75776,2048,49,0
1,0,59,B3,73728,74752,1024,49,0
1,0,74,D5,73728,74752,1024,49,0
2,2,55,G3,73728,74752,1024,49,0
2,2,59,B3,73728,74752,1024,49,0
2,2,67,G4,73728,74752,1024,49,0
2,2,74,D5,73728,74752,1024,49,0
1,0,67,G4,74240,74752,512,49,0
1,0,58,A#3,74752,77824,3072,49,0
1,0,70,A#4,74752,76288,1536,49,0
1,0,74,D5,74752,75264,512,49,0
2,2,55,G3,74752,75264,512,49,0
2,2,58,A#3,74752,75264,512,49,0
2,2,67,G4,74752,75264,512,49,0
2,2,74,D5,74752,75264,512,49,0
1,0,75,D#5,75264,75776,512,49,0
2,2,55,G3,75264,75776,512,49,0
2,2,58,A#3,75264,75776,512,49,0
2,2,67,G4,75264,75776,512,49,0
2,2,75,D#5,75264,75776,512,49,0
1,0,53,F3,75776,77824,2048,49,0
1,0,62,D4,75776,77824,2048,49,0
1,0,77,F5,75776,77312,1536,49,0
2,2,53,F3,75776,76800,1024,49,0
2,2,62,D4,75776,77312,1536,49,0
2,2,70,A#4,75776,77312,1536,49,0
2,2,77,F5,75776,77312,1536,49,0
1,0,65,F4,76288,76800,512,49,0
1,0,70,A#4,76800,77312,512,49,0
2,2,53,F3,76800,77824,1024,49,0
1,0,65,F4,77312,77824,512,49,0
1,0,74,D5,77312,77824,512,49,0
2,2,58,A#3,77312,77824,512,49,0
2,2,65,F4,77312,77824,512,49,0
2,2,74,D5,77312,77824,512,49,0
1,0,53,F3,77824,79872,2048,49,0
1,0,60,C4,77824,79872,2048,49,0
1,0,63,D#4,77824,79872,2048,49,0
1,0,69,A4,77824,79872,2048,49,0
1,0,77,F5,77824,78336,512,49,0
2,2,53,F3,77824,78848,1024,49,0
2,2,60,C4,77824,78848,1024,49,0
2,2,69,A4,77824,78848,1024,49,0
2,2,77,F5,77824,78336,512,49,0
1,0,76,E5,78336,78848,512,49,0
2,2,76,E5,78336,78848,512,49,0
1,0,75,D#5,78848,79360,512,49,0
2,2,53,F3,78848,79360,512,49,0
2,2,60,C4,78848,79360,512,49,0
2,2,69,A4,78848,79360,512,49,0
2,2,75,D#5,78848,79360,512,49,0
1,0,72,C5,79360,79872,512,49,0
2,2,53,F3,79360,79872,512,49,0
2,2,63,D#4,79360,79872,512,49,0
2,2,69,A4,79360,79872,512,49,0
2,2,72,C5,79360,79872,512,49,0
1,0,46,A#2,79872,81920,2048,49,0
1,0,65,F4,79872,81408,1536,49,0
1,0,70,A#4,79872,80896,1024,49,0
1,0,74,D5,79872,81920,2048,49,0
2,2,58,A#3,79872,81920,2048,49,0
2,2,62,D4,79872,81920,2048,49,0
2,2,65,F4,79872,81920,2048,49,0
2,2,70,A#4,79872,81920,2048,49,0
2,2,74,D5,79872,81920,2048,49,0
1,0,50,D3,80384,80896,512,49,0
1,0,70,A#4,80384,81920,1536,49,0
1,0,53,F3,80896,81408,512,49,0
1,0,65,F4,80896,81920,1024,49,0
1,0,58,A#3,81408,81920,512,49,0
1,0,62,D4,81408,81920,512,49,0
1,0,46,A#2,81920,82944,1024,49,0
1,0,53,F3,81920,82944,1024,49,0
1,0,58,A#3,81920,82944,1024,49,0
1,0,62,D4,81920,82944,1024,49,0
1,0,65,F4,81920,82944,1024,49,0
1,0,74,D5,81920,82944,1024,49,0
2,2,58,A#3,81920,82944,1024,49,0
2,2,62,D4,81920,82944,1024,49,0
2,2,65,F4,81920,82944,1024,49,0
2,2,74,D5,81920,82944,1024,49,0
1,0,43,G2,82944,83968,1024,49,0
1,0,55,G3,82944,83968,1024,49,0
1,0,62,D4,82944,83456,512,49,0
1,0,70,A#4,82944,83968,1024,49,0
1,0,74,D5,82944,83456,512,49,0
2,2,55,G3,82944,83456,512,49,0
2,2,62,D4,82944,83456,512,49,0
2,2,70,A#4,82944,83456,512,49,0
2,2,74,D5,82944,83456,512,49,0
1,0,64,E4,83456,83968,512,49,0
1,0,76,E5,83456,83968,512,49,0
2,2,55,G3,83456,83968,512,49,0
2,2,60,C4,83456,83968,512,49,0
2,2,70,A#4,83456,83968,512,49,0
2,2,76,E5,83456,83968,512,49,0
1,0,41,F2,83968,84992,1024,49,0
1,0,53,F3,83968,84992,1024,49,0
1,0,65,F4,83968,84992,1024,49,0
1,0,69,A4,83968,84992,1024,49,0
1,0,77,F5,83968,85504,1536,49,0
2,2,53,F3,83968,84992,1024,49,0
2,2,60,C4,83968,84992,1024,49,0
2,2,69,A4,83968,84992,1024,49,0
2,2,77,F5,83968,85504,1536,49,0
1,0,43,G2,84992,86016,1024,49,0
1,0,55,G3,84992,86016,1024,49,0
1,0,67,G4,84992,86016,1024,49,0
1,0,70,A#4,84992,86016,1024,49,0
2,2,55,G3,84992,86016,1024,49,0
2,2,58,A#3,84992,86016,1024,49,0
2,2,67,G4,84992,86016,1024,49,0
1,0,75,D#5,85504,86016,512,49,0
2,2,75,D#5,85504,86016,512,49,0
1,0,45,A2,86016,88064,2048,49,0
1,0,57,A3,86016,88064,2048,49,0
1,0,65,F4,86016,87040,1024,49,0
1,0,69,A4,86016,87040,1024,49,0
1,0,74,D5,86016,87040,1024,49,0
2,2,57,A3,86016,87040,1024,49,0
2,2,62,D4,86016,87040,1024,49,0
2,2,65,F4,86016,87040,1024,49,0
2,2,74,D5,86016,87040,1024,49,0
1,0,64,E4,87040,88064,1024,49,0
1,0,67,G4,87040,88064,1024,49,0
1,0,74,D5,87040,87296,256,49,0
2,2,57,A3,87040,87808,768,49,0
2,2,64,E4,87040,87552,512,49,0
2,2,67,G4,87040,87552,512,49,0
2,2,74,D5,87040,87296,256,49,0
1,0,73,C#5,87296,87552,256,49,0
2,2,73,C#5,87296,87552,256,49,0
1,0,71,B4,87552,87808,256,49,0
2,2,64,E4,87552,88064,512,49,0
2,2,67,G4,87552,88064,512,49,0
2,2,71,B4,87552,87808,256,49,0
1,0,73,C#5,87808,88064,256,49,0
2,2,57,A3,87808,88064,256,49,0
2,2,73,C#5,87808,88064,256,49,0
1,0,50,D3,88064,89600,1536,49,0
1,0,57,A3,88064,89600,1536,49,0
1,0,62,D4,88064,90112,2048,49,0
1,0,66,F#4,88064,89600,1536,49,0
1,0,74,D5,88064,90112,2048,49,0
2,2,50,D3,88064,89088,1024,49,0
2,2,62,D4,88064,90112,2048,49,0
2,2,66,F#4,88064,89600,1536,49,0
2,2,74,D5,88064,89600,1536,49,0
1,0,65,F4,89600,90112,512,49,0
2,2,65,F4,89600,90112,512,49,0
2,2,65,F4,89600,90112,512,49,0
1,0,46,A#2,90112,91136,1024,49,0
1,0,53,F3,90112,91136,1024,49,0
1,0,58,A#3,90112,91136,1024,49,0
1,0,62,D4,90112,91136,1024,49,0
1,0,65,F4,90112,91136,1024,49,0
2,2,58,A#3,90112,91136,1024,49,0
2,2,62,D4,90112,91136,1024,49,0
2,2,65,F4,90112,91136,1024,49,0
2,2,65,F4,90112,91136,1024,49,0
1,0,46,A#2,91136,91904,768,49,0
1,0,58,A#3,91136,91904,768,49,0
1,0,62,D4,91136,91904,768,49,0
1,0,65,F4,91136,91904,768,49,0
1,0,70,A#4,91136,91904,768,49,0
2,2,58,A#3,91136,91904,768,49,0
2,2,62,D4,91136,91904,768,49,0
2,2,65,F4,91136,91904,768,49,0
2,2,70,A#4,91136,91904,768,49,0
1,0,46,A#2,91904,92160,256,49,0
1,0,58,A#3,91904,92160,256,49,0
1,0,62,D4,91904,92160,256,49,0
1,0,65,F4,91904,92160,256,49,0
1,0,70,A#4,91904,92160,256,49,0
2,2,58,A#3,91904,92160,256,49,0
2,2,62,D4,91904,92160,256,49,0
2,2,65,F4,91904,92160,256,49,0
2,2,70,A#4,91904,92160,256,49,0
1,0,46,A#2,92160,92416,256,49,0
1,0,58,A#3,92160,92416,256,49,0
1,0,62,D4,92160,93696,1536,49,0
1,0,65,F4,92160,93440,1280,49,0
1,0,70,A#4,92160,93696,1536,49,0
2,2,58,A#3,92160,93696,1536,49,0
2,2,62,D4,92160,93696,1536,49,0
2,2,65,F4,92160,93696,1536,49,0
2,2,70,A#4,92160,93696,1536,49,0
1,0,50,D3,92416,92672,256,49,0
1,0,53,F3,92672,92928,256,49,0
1,0,58,A#3,92928,93184,256,49,0
1,0,65,F4,93184,93696,512,49,0
1,0,70,A#4,93440,93696,256,49,0
1,0,74,D5,93696,93952,256,49,0
1,0,77,F5,93952,94208,256,49,0
1,0,46,A#2,94208,95232,1024,49,0
1,0,58,A#3,94208,95232,1024,49,0
1,0,62,D4,94208,95232,1024,49,0
1,0,65,F4,94208,95232,1024,49,0
2,2,58,A#3,94208,95232,1024,49,0
2,2,62,D4,94208,95232,1024,49,0
2,2,65,F4,94208,95232,1024,49,0
2,2,65,F4,94208,95232,1024,49,0
1,0,41,F2,95232,96000,768,49,0
1,0,53,F3,95232,96000,768,49,0
1,0,63,D#4,95232,96000,768,49,0
1,0,65,F4,95232,96000,768,49,0
1,0,72,C5,95232,96000,768,49,0
2,2,53,F3,95232,96000,768,49,0
2,2,63,D#4,95232,96000,768,49,0
2,2,65,F4,95232,96000,768,49,0
2,2,72,C5,95232,96000,768,49,0
1,0,41,F2,96000,96256,256,49,0
1,0,53,F3,96000,96256,256,49,0
1,0,63,D#4,96000,96256,256,49,0
1,0,65,F4,96000,96256,256,49,0
1,0,69,A4,96000,96256,256,49,0
2,2,53,F3,96000,96256,256,49,0
2,2,60,C4,96000,96256,256,49,0
2,2,65,F4,96000,96256,256,49,0
2,2,69,A4,96000,96256,256,49,0
1,0,46,A#2,96256,96768,512,49,0
1,0,58,A#3,96256,96768,512,49,0
1,0,62,D4,96256,97792,1536,49,0
1,0,65,F4,96256,98048,1792,49,0
1,0,70,A#4,96256,98304,2048,49,0
2,2,58,A#3,96256,97792,1536,49,0
2,2,62,D4,96256,97792,1536,49,0
2,2,65,F4,96256,97792,1536,49,0
2,2,70,A#4,96256,97792,1536,49,0
1,0,50,D3,96768,97024,256,49,0
1,0,53,F3,97024,97280,256,49,0
1,0,58,A#3,97280,97536,256,49,0
1,0,62,D4,97536,98304,768,49,0
1,0,65,F4,97792,98304,512,49,0
1,0,70,A#4,98048,98304,256,49,0
1,0,46,A#2,98304,99328,1024,49,0
1,0,58,A#3,98304,99328,1024,49,0
1,0,62,D4,98304,99328,1024,49,0
1,0,65,F4,98304,99328,1024,49,0
2,2,58,A#3,98304,99328,1024,49,0
2,2,62,D4,98304,99328,1024,49,0
2,2,65,F4,98304,99328,1024,49,0
2,2,65,F4,98304,99328,1024,49,0
1,0,46,A#2,99328,100096,768,49,0
1,0,58,A#3,99328,100096,768,49,0
1,0,62,D4,99328,100096,768,49,0
1,0,65,F4,99328,100096,768,49,0
1,0,70,A#4,99328,100096,768,49,0
2,2,58,A#3,99328,100096,768,49,0
2,2,62,D4,99328,100096,768,49,0
2,2,65,F4,99328,100096,768,49,0
2,2,70,A#4,99328,100096,768,49,0
1,0,46,A#2,100096,100352,256,49,0
1,0,58,A#3,100096,100352,256,49,0
1,0,67,G4,100096,100352,256,49,0
1,0,70,A#4,100096,100352,256,49,0
1,0,75,D#5,100096,100352,256,49,0
2,2,58,A#3,100096,100352,256,49,0
2,2,67,G4,100096,100352,256,49,0
2,2,70,A#4,100096,100352,256,49,0
2,2,75,D#5,100096,100352,256,49,0
1,0,46,A#2,100352,101376,1024,49,0
1,0,58,A#3,100352,101376,1024,49,0
1,0,67,G4,100352,101376,1024,49,0
1,0,70,A#4,100352,101376,1024,49,0
1,0,75,D#5,100352,101376,1024,49,0
2,2,58,A#3,100352,103424,3072,49,0
2,2,67,G4,100352,101376,1024,49,0
2,2,70,A#4,100352,101376,1024,49,0
2,2,75,D#5,100352,101376,1024,49,0
1,0,46,A#2,101376,102144,768,49,0
1,0,58,A#3,101376,102144,768,49,0
1,0,65,F4,101376,102144,768,49,0
1,0,70,A#4,101376,102144,768,49,0
1,0,74,D5,101376,102144,768,49,0
2,2,65,F4,101376,101888,512,49,0
2,2,70,A#4,101376,101888,512,49,0
2,2,74,D5,101376,101888,512,49,0
1,0,46,A#2,102144,102400,256,49,0
1,0,58,A#3,102144,102400,256,49,0
1,0,63,D#4,102144,102400,256,49,0
1,0,65,F4,102144,102400,256,49,0
1,0,72,C5,102144,102400,256,49,0
2,2,63,D#4,102144,102400,256,49,0
2,2,65,F4,102144,102400,256,49,0
2,2,72,C5,102144,102400,256,49,0
1,0,46,A#2,102400,103424,1024,49,0
1,0,58,A#3,102400,103424,1024,49,0
1,0,62,D4,102400,103424,1024,49,0
1,0,65,F4,102400,103424,1024,49,0
1,0,70,A#4,102400,103424,1024,49,0
2,2,62,D4,102400,103424,1024,49,0
2,2,65,F4,102400,103424,1024,49,0
2,2,70,A#4,102400,103424,1024,49,0
1,0,72,C5,103168,103296,128,49,0
1,0,70,A#4,103296,103424,128,49,0
1,0,55,G3,103424,104192,768,49,0
1,0,58,A#3,103424,104192,768,49,0
1,0,64,E4,103424,104192,768,49,0
1,0,69,A4,103424,104192,768,49,0
2,2,55,G3,103424,104192,768,49,0
2,2,58,A#3,103424,104192,768,49,0
2,2,64,E4,103424,104192,768,49,0
2,2,69,A4,103424,104192,768,49,0
1,0,55,G3,104192,104448,256,49,0
1,0,58,A#3,104192,104448,256,49,0
1,0,64,E4,104192,104448,256,49,0
1,0,70,A#4,104192,104448,256,49,0
2,2,55,G3,104192,104448,256,49,0
2,2,58,A#3,104192,104448,256,49,0
2,2,64,E4,104192,104448,256,49,0
2,2,70,A#4,104192,104448,256,49,0
1,0,53,F3,104448,104960,512,49,0
1,0,57,A3,104448,104960,512,49,0
1,0,65,F4,104448,106496,2048,49,0
1,0,72,C5,104448,106496,2048,49,0
2,2,53,F3,104448,105984,1536,49,0
2,2,57,A3,104448,105984,1536,49,0
2,2,65,F4,104448,105984,1536,49,0
2,2,72,C5,104448,105984,1536,49,0
1,0,45,A2,104960,105216,256,49,0
1,0,48,C3,105216,105472,256,49,0
1,0,53,F3,105472,105728,256,49,0
1,0,57,A3,105728,105984,256,49,0
1,0,60,C4,105984,106240,256,49,0
1,0,65,F4,106240,106496,256,49,0
1,0,46,A#2,106496,107520,1024,75,0
1,0,58,A#3,106496,107520,1024,75,0
1,0,58,A#3,106496,107520,1024,75,0
1,0,62,D4,106496,107520,1024,75,0
1,0,65,F4,106496,107520,1024,75,0
2,2,58,A#3,106496,107520,1024,75,0
2,2,62,D4,106496,107520,1024,75,0
2,2,65,F4,106496,107520,1024,75,0
2,2,65,F4,106496,107520,1024,75,0
1,0,46,A#2,107520,108288,768,75,0
1,0,58,A#3,107520,108288,768,75,0
1,0,62,D4,107520,108288,768,75,0
1,0,65,F4,107520,108288,768,75,0
1,0,70,A#4,107520,108288,768,75,0
2,2,58,A#3,107520,108288,768,75,0
2,2,62,D4,107520,108288,768,75,0
2,2,65,F4,107520,108288,768,75,0
2,2,70,A#4,107520,108288,768,75,0
1,0,46,A#2,108288,108544,256,75,0
1,0,58,A#3,108288,108544,256,75,0
1,0,62,D4,108288,108544,256,75,0
1,0,65,F4,108288,108544,256,75,0
1,0,70,A#4,108288,108544,256,75,0
2,2,58,A#3,108288,108544,256,75,0
2,2,62,D4,108288,108544,256,75,0
2,2,65,F4,108288,108544,256,75,0
2,2,70,A#4,108288,108544,256,75,0
1,0,46,A#2,108544,108800,256,75,0
1,0,58,A#3,108544,108800,256,75,0
1,0,62,D4,108544,109824,1280,75,0
1,0,65,F4,108544,110080,1536,75,0
1,0,70,A#4,108544,110336,1792,75,0
2,2,58,A#3,108544,110080,1536,75,0
2,2,62,D4,108544,110080,1536,75,0
2,2,65,F4,108544,110080,1536,75,0
2,2,70,A#4,108544,110080,1536,75,0
1,0,50,D3,108800,109056,256,75,0
1,0,53,F3,109056,109312,256,75,0
1,0,58,A#3,109312,109568,256,75,0
1,0,62,D4,109568,110592,1024,75,0
1,0,65,F4,109824,110592,768,75,0
1,0,70,A#4,110080,110592,512,75,0
1,0,74,D5,110336,110592,256,75,0
1,0,46,A#2,110592,111616,1024,75,0
1,0,58,A#3,110592,111616,1024,75,0
1,0,62,D4,110592,111616,1024,75,0
1,0,65,F4,110592,111616,1024,75,0
2,2,58,A#3,110592,111616,1024,75,0
2,2,62,D4,110592,111616,1024,75,0
2,2,65,F4,110592,111616,1024,75,0
2,2,65,F4,110592,111616,1024,75,0
1,0,41,F2,111616,112384,768,75,0
1,0,53,F3,111616,112384,768,75,0
1,0,63,D#4,111616,112384,768,75,0
1,0,65,F4,111616,112384,768,75,0
1,0,72,C5,111616,112384,768,75,0
2,2,53,F3,111616,112384,768,75,0
2,2,63,D#4,111616,112384,768,75,0
2,2,65,F4,111616,112384,768,75,0
2,2,72,C5,111616,112384,768,75,0
1,0,41,F2,112384,112640,256,75,0
1,0,53,F3,112384,112640,256,75,0
1,0,63,D#4,112384,112640,256,75,0
1,0,65,F4,112384,112640,256,75,0
1,0,69,A4,112384,112640,256,75,0
2,2,53,F3,112384,112640,256,75,0
2,2,60,C4,112384,112640,256,75,0
2,2,65,F4,112384,112640,256,75,0
2,2,69,A4,112384,112640,256,75,0
1,0,46,A#2,112640,112811,171,75,0
1,0,58,A#3,112640,112811,171,75,0
1,0,62,D4,112640,113664,1024,75,0
1,0,65,F4,112640,113835,1195,75,0
1,0,70,A#4,112640,114005,1365,75,0
2,2,58,A#3,112640,114176,1536,75,0
2,2,62,D4,112640,114176,1536,75,0
2,2,65,F4,112640,114176,1536,75,0
2,2,70,A#4,112640,114176,1536,75,0
1,0,46,A#2,112811,112981,170,75,0
1,0,50,D3,112981,113152,171,75,0
1,0,53,F3,113152,113323,171,75,0
1,0,58,A#3,113323,113493,170,75,0
1,0,62,D4,113493,114688,1195,75,0
1,0,65,F4,113664,114517,853,75,0
1,0,70,A#4,113835,114347,512,75,0
1,0,74,D5,114005,114176,171,75,0
1,0,70,A#4,114176,114688,512,75,0
1,0,65,F4,114347,114688,341,75,0
1,0,62,D4,114517,114688,171,75,0
1,0,46,A#2,114688,115712,1024,75,0
1,0,58,A#3,114688,115712,1024,75,0
1,0,62,D4,114688,115712,1024,75,0
1,0,65,F4,114688,115712,1024,75,0
2,2,58,A#3,114688,115712,1024,75,0
2,2,62,D4,114688,115712,1024,75,0
2,2,65,F4,114688,115712,1024,75,0
2,2,65,F4,114688,115712,1024,75,0
1,0,46,A#2,115712,116480,768,75,0
1,0,58,A#3,115712,116480,768,75,0
1,0,62,D4,115712,116480,768,75,0
1,0,65,F4,115712,116480,768,75,0
1,0,70,A#4,115712,116480,768,75,0
2,2,58,A#3,115712,116480,768,75,0
2,2,62,D4,115712,116480,768,75,0
2,2,65,F4,115712,116480,768,75,0
2,2,70,A#4,115712,116480,768,75,0
1,0,46,A#2,116480,116736,256,75,0
1,0,58,A#3,116480,116736,256,75,0
1,0,65,F4,116480,116736,256,75,0
1,0,70,A#4,116480,116736,256,75,0
1,0,74,D5,116480,116736,256,75,0
2,2,58,A#3,116480,116736,256,75,0
2,2,62,D4,116480,116736,256,75,0
2,2,65,F4,116480,116736,256,75,0
2,2,74,D5,116480,116736,256,75,0
1,0,38,D2,116736,117760,1024,75,0
1,0,50,D3,116736,117760,1024,75,0
1,0,65,F4,116736,117760,1024,75,0
1,0,69,A4,116736,117760,1024,75,0
1,0,77,F5,116736,117760,1024,75,0
2,2,50,D3,116736,117760,1024,75,0
2,2,62,D4,116736,117760,1024,75,0
2,2,69,A4,116736,117760,1024,75,0
2,2,77,F5,116736,117760,1024,75,0
1,0,43,G2,117760,118528,768,75,0
1,0,55,G3,117760,118528,768,75,0
1,0,67,G4,117760,118528,768,75,0
1,0,70,A#4,117760,118528,768,75,0
1,0,74,D5,117760,118528,768,75,0
2,2,55,G3,117760,118528,768,75,0
2,2,58,A#3,117760,118528,768,75,0
2,2,67,G4,117760,118528,768,75,0
2,2,74,D5,117760,118528,768,75,0
1,0,43,G2,118528,118784,256,75,0
1,0,55,G3,118528,118784,256,75,0
1,0,67,G4,118528,118784,256,75,0
1,0,70,A#4,118528,118784,256,75,0
2,2,55,G3,118528,118784,256,75,0
2,2,62,D4,118528,118784,256,75,0
2,2,67,G4,118528,118784,256,75,0
2,2,70,A#4,118528,118784,256,75,0
1,0,39,D#2,118784,118955,171,88,0
1,0,51,D#3,118784,118955,171,88,0
1,0,70,A#4,118784,120149,1365,88,0
1,0,72,C5,118784,120320,1536,88,0
1,0,79,G5,118784,120661,1877,88,0
2,2,51,D#3,118784,120832,2048,88,0
2,2,60,C4,118784,121856,3072,88,0
2,2,63,D#4,118784,121856,3072,88,0
2,2,70,A#4,118784,120832,2048,88,0
2,2,79,G5,118784,120832,2048,88,0
1,0,46,A#2,118955,119125,170,88,0
1,0,48,C3,119125,119296,171,88,0
1,0,53,F3,119296,119467,171,88,0
1,0,58,A#3,119467,119637,170,88,0
1,0,60,C4,119637,119808,171,88,0
1,0,67,G4,119808,119979,171,88,0
1,0,70,A#4,119979,120832,853,88,0
1,0,72,C5,120149,120832,683,88,0
1,0,75,D#5,120320,120491,171,88,0
1,0,79,G5,120491,120832,341,88,0
1,0,75,D#5,120661,120832,171,88,0
1,0,41,F2,120832,121344,512,88,0
1,0,53,F3,120832,121344,512,88,0
1,0,69,A4,120832,121344,512,88,0
1,0,75,D#5,120832,121344,512,88,0
1,0,77,F5,120832,121344,512,88,0
2,2,53,F3,120832,121856,1024,88,0
2,2,69,A4,120832,121856,1024,88,0
2,2,77,F5,120832,121344,512,88,0
2,2,75,D#5,121344,121856,512,88,0
2,2,53,F3,121856,122880,1024,88,0
2,2,57,A3,121856,122624,768,88,0
2,2,63,D#4,121856,122624,768,88,0
2,2,65,F4,121856,122624,768,88,0
2,2,74,D5,121856,122624,768,88,0
2,2,57,A3,122624,122880,256,88,0
2,2,63,D#4,122624,122880,256,88,0
2,2,65,F4,122624,122880,256,88,0
2,2,72,C5,122624,122880,256,88,0
1,0,46,A#2,122880,128512,5632,49,0
1,0,62,D4,122880,123904,1024,49,0
1,0,65,F4,122880,123904,1024,49,0
1,0,70,A#4,122880,123904,1024,49,0
2,2,58,A#3,122880,124416,1536,88,0
2,2,58,A#3,122880,124416,1536,88,0
2,2,62,D4,122880,124416,1536,88,0
2,2,65,F4,122880,124416,1536,88,0
2,2,70,A#4,122880,124416,1536,88,0
1,0,65,F4,123904,124928,1024,49,0
1,0,70,A#4,123904,124928,1024,49,0
1,0,74,D5,123904,124928,1024,49,0
1,0,70,A#4,124928,125952,1024,49,0
1,0,74,D5,124928,125952,1024,49,0
1,0,77,F5,124928,125952,1024,49,0
1,0,74,D5,125952,126720,768,49,0
1,0,77,F5,125952,126720,768,49,0
1,0,82,A#5,125952,126720,768,49,0
1,0,77,F5,126720,126976,256,49,0
1,0,82,A#5,126720,126976,256,49,0
1,0,86,D6,126720,126976,256,49,0
2,2,58,A#3,126720,126976,256,88,0
2,2,58,A#3,126720,126976,256,88,0
2,2,65,F4,126720,126976,256,88,0
2,2,70,A#4,126720,126976,256,88,0
2,2,74,D5,126720,126976,256,88,0
1,0,77,F5,126976,128512,1536,88,0
1,0,82,A#5,126976,128512,1536,88,0
1,0,86,D6,126976,128512,1536,88,0
2,2,58,A#3,126976,129024,2048,88,0
2,2,58,A#3,126976,129024,2048,88,0
2,2,65,F4,126976,129024,2048,88,0
2,2,70,A#4,126976,129024,2048,88,0
2,2,74,D5,126976,129024,2048,88,0
2,2,77,F5,128896,129024,128,88,0
2,2,58,A#3,129024,130048,1024,88,0
2,2,58,A#3,129024,130048,1024,88,0
2,2,67,G4,129024,130560,1536,88,0
2,2,70,A#4,129024,130560,1536,88,0
2,2,75,D#5,129024,130560,1536,88,0
2,2,65,F4,130560,131072,512,88,0
2,2,70,A#4,130560,131072,512,88,0
2,2,74,D5,130560,131072,512,88,0
2,2,70,A#4,131072,134656,3584,49,0
2,2,74,D5,131072,134656,3584,49,0
2,2,77,F5,131072,134656,3584,49,0
1,0,46,A#2,133120,133291,171,49,0
1,0,70,A#4,133120,134912,1792,49,0
1,0,74,D5,133120,134912,1792,49,0
1,0,77,F5,133120,134912,1792,49,0
1,0,53,F3,133291,133461,170,49,0
1,0,58,A#3,133461,133632,171,49,0
1,0,62,D4,133632,133803,171,49,0
1,0,53,F3,133803,133973,170,49,0
1,0,58,A#3,133973,134144,171,49,0
1,0,62,D4,134144,135168,1024,49,0
1,0,69,A4,134912,135168,256,49,0
1,0,74,D5,134912,135168,256,49,0
1,0,78,F#5,134912,135168,256,49,0
1,0,81,A5,134912,135168,256,49,0
1,0,69,A4,135168,136448,1280,75,0
1,0,74,D5,135168,136448,1280,75,0
1,0,78,F#5,135168,136448,1280,75,0
1,0,81,A5,135168,136448,1280,75,0
1,0,57,A3,136704,137216,512,49,0
1,0,64,E4,136704,137216,512,49,0
1,0,67,G4,136704,137216,512,49,0
1,0,69,A4,136704,137216,512,49,0
1,0,62,D4,137216,138496,1280,75,0
1,0,66,F#4,137216,138496,1280,75,0
1,0,69,A4,137216,138496,1280,75,0
1,0,74,D5,137216,138496,1280,75,0
1,0,78,F#5,137216,138496,1280,75,0
1,0,81,A5,137216,138496,1280,75,0
1,0,57,A3,138752,139264,512,49,0
1,0,64,E4,138752,139264,512,49,0
1,0,67,G4,138752,139264,512,49,0
1,0,69,A4,138752,139264,512,49,0
1,0,62,D4,139264,140288,1024,49,0
1,0,66,F#4,139264,140288,1024,49,0
1,0,69,A4,139264,140288,1024,49,0
1,0,74,D5,139264,140288,1024,49,0
1,0,78,F#5,139264,140288,1024,49,0
1,0,81,A5,139264,140288,1024,49,0
1,0,62,D4,140288,141312,1024,49,0
1,0,67,G4,140288,141312,1024,49,0
1,0,71,B4,140288,141312,1024,49,0
1,0,79,G5,140288,141312,1024,49,0
1,0,83,B5,140288,141312,1024,49,0
1,0,86,D6,140288,141312,1024,49,0
1,0,64,E4,141312,142336,1024,49,0
1,0,67,G4,141312,142336,1024,49,0
1,0,69,A4,141312,142336,1024,49,0
1,0,73,C#5,141312,142336,1024,49,0
1,0,76,E5,141312,142336,1024,49,0
1,0,62,D4,142336,143360,1024,49,0
1,0,66,F#4,142336,143360,1024,49,0
1,0,74,D5,142336,143360,1024,49,0
1,0,78,F#5,142336,143360,1024,49,0
1,0,81,A5,142336,143360,1024,49,0
1,0,67,G4,143360,144384,1024,49,0
1,0,71,B4,143360,144384,1024,49,0
1,0,74,D5,143360,144384,1024,49,0
1,0,79,G5,143360,144384,1024,49,0
1,0,83,B5,143360,144384,1024,49,0
1,0,67,G4,144384,144896,512,49,0
1,0,73,C#5,144384,144896,512,49,0
1,0,76,E5,144384,144896,512,49,0
1,0,85,C#6,144384,144896,512,49,0
1,0,67,G4,144896,145408,512,49,0
1,0,73,C#5,144896,145408,512,49,0
1,0,76,E5,144896,145408,512,49,0
1,0,86,D6,144896,145280,384,49,0
1,0,88,E6,145280,145408,128,49,0
1,0,66,F#4,145408,146432,1024,49,0
1,0,69,A4,145408,146432,1024,49,0
1,0,74,D5,145408,146432,1024,49,0
1,0,81,A5,145408,146432,1024,49,0
1,0,93,A6,145408,146432,1024,49,0
1,0,71,B4,146432,146944,512,49,0
1,0,74,D5,146432,146944,512,49,0
1,0,78,F#5,146432,147456,1024,49,0
1,0,83,B5,146432,146944,512,49,0
1,0,71,B4,146944,147456,512,49,0
1,0,74,D5,146944,147456,512,49,0
1,0,85,C#6,146944,147328,384,49,0
1,0,86,D6,147328,147456,128,49,0
1,0,64,E4,147456,148480,1024,49,0
1,0,71,B4,147456,148480,1024,49,0
1,0,79,G5,147456,148480,1024,49,0
1,0,91,G6,147456,148480,1024,49,0
1,0,62,D4,148480,149376,896,49,0
1,0,74,D5,148480,149376,896,49,0
1,0,81,A5,148480,149376,896,49,0
1,0,90,F#6,148480,149376,896,49,0
1,0,69,A4,149376,149504,128,49,0
1,0,73,C#5,149376,149504,128,49,0
1,0,81,A5,149376,149504,128,49,0
1,0,88,E6,149376,149504,128,49,0
1,0,69,A4,149504,150528,1024,49,0
1,0,73,C#5,149504,150528,1024,49,0
1,0,81,A5,149504,150528,1024,49,0
1,0,88,E6,149504,150528,1024,49,0
2,2,62,D4,151040,151552,512,49,0
2,2,66,F#4,151040,151552,512,49,0
2,2,66,F#4,151040,151552,512,49,0
2,2,69,A4,151040,151552,512,49,0
2,2,62,D4,151552,152576,1024,49,0
2,2,66,F#4,151552,152576,1024,49,0
2,2,66,F#4,151552,152576,1024,49,0
2,2,69,A4,151552,152576,1024,49,0
2,2,61,C#4,152576,153600,1024,49,0
2,2,64,E4,152576,153600,1024,49,0
2,2,67,G4,152576,153600,1024,49,0
2,2,69,A4,152576,153600,1024,49,0
2,2,62,D4,153600,154368,768,49,0
2,2,62,D4,153600,154624,1024,49,0
2,2,66,F#4,153600,154368,768,49,0
2,2,69,A4,153600,154368,768,49,0
2,2,66,F#4,154368,154624,256,49,0
2,2,69,A4,154368,154624,256,49,0
2,2,74,D5,154368,154624,256,49,0
2,2,62,D4,154624,155648,1024,49,0
2,2,66,F#4,154624,155648,1024,49,0
2,2,69,A4,154624,155648,1024,49,0
2,2,74,D5,154624,155648,1024,49,0
2,2,62,D4,155648,157696,2048,49,0
2,2,69,A4,155648,157440,1792,49,0
2,2,74,D5,155648,157440,1792,49,0
2,2,78,F#5,155648,157440,1792,49,0
2,2,66,F#4,157440,157696,256,49,0
2,2,69,A4,157440,157696,256,49,0
2,2,74,D5,157440,157696,256,49,0
2,2,62,D4,157696,158720,1024,49,0
2,2,66,F#4,157696,158720,1024,49,0
2,2,69,A4,157696,158720,1024,49,0
2,2,74,D5,157696,158720,1024,49,0
2,2,62,D4,158720,159744,1024,49,0
2,2,66,F#4,158720,159744,1024,49,0
2,2,69,A4,158720,159744,1024,49,0
2,2,74,D5,158720,159744,1024,49,0
2,2,62,D4,159744,162816,3072,49,0
2,2,67,G4,159744,162304,2560,49,0
2,2,71,B4,159744,162304,2560,49,0
2,2,74,D5,159744,162816,3072,49,0
2,2,66,F#4,162304,162816,512,49,0
2,2,69,A4,162304,162816,512,49,0
2,2,62,D4,162816,163840,1024,49,0
2,2,66,F#4,162816,163840,1024,49,0
2,2,69,A4,162816,163840,1024,49,0
2,2,74,D5,162816,163840,1024,49,0
2,2,57,A3,163840,164864,1024,49,0
2,2,67,G4,163840,164864,1024,49,0
2,2,73,C#5,163840,164864,1024,49,0
2,2,76,E5,163840,164608,768,49,0
2,2,78,F#5,164608,164864,256,49,0
2,2,57,A3,164864,165888,1024,49,0
2,2,67,G4,164864,165888,1024,49,0
2,2,73,C#5,164864,165888,1024,49,0
2,2,76,E5,164864,165888,1024,49,0
2,2,62,D4,165888,167424,1536,49,0
2,2,66,F#4,165888,167424,1536,49,0
2,2,69,A4,165888,167424,1536,49,0
2,2,74,D5,165888,167424,1536,49,0
1,0,69,A4,167936,169216,1280,75,0
1,0,74,D5,167936,169216,1280,75,0
1,0,78,F#5,167936,169216,1280,75,0
1,0,81,A5,167936,169216,1280,75,0
1,0,57,A3,169472,169984,512,49,0
1,0,64,E4,169472,169984,512,49,0
1,0,67,G4,169472,169984,512,49,0
1,0,69,A4,169472,169984,512,49,0
1,0,62,D4,169984,171264,1280,75,0
1,0,66,F#4,169984,171264,1280,75,0
1,0,69,A4,169984,171264,1280,75,0
1,0,74,D5,169984,171264,1280,75,0
1,0,78,F#5,169984,171264,1280,75,0
1,0,81,A5,169984,171264,1280,75,0
1,0,57,A3,171520,172032,512,49,0
1,0,64,E4,171520,172032,512,49,0
1,0,67,G4,171520,172032,512,49,0
1,0,69,A4,171520,172032,512,49,0
1,0,62,D4,172032,173056,1024,49,0
1,0,66,F#4,172032,173056,1024,49,0
1,0,69,A4,172032,173056,1024,49,0
1,0,74,D5,172032,173056,1024,49,0
1,0,78,F#5,172032,173056,1024,49,0
1,0,81,A5,172032,173056,1024,49,0
1,0,62,D4,173056,174080,1024,49,0
1,0,67,G4,173056,174080,1024,49,0
1,0,71,B4,173056,174080,1024,49,0
1,0,79,G5,173056,174080,1024,49,0
1,0,83,B5,173056,174080,1024,49,0
1,0,86,D6,173056,174080,1024,49,0
1,0,64,E4,174080,175104,1024,49,0
1,0,67,G4,174080,175104,1024,49,0
1,0,69,A4,174080,175104,1024,49,0
1,0,73,C#5,174080,175104,1024,49,0
1,0,76,E5,174080,175104,1024,49,0
1,0,62,D4,175104,176128,1024,49,0
1,0,66,F#4,175104,176128,1024,49,0
1,0,74,D5,175104,176128,1024,49,0
1,0,78,F#5,175104,176128,1024,49,0
1,0,81,A5,175104,176128,1024,49,0
1,0,67,G4,176128,177152,1024,49,0
1,0,71,B4,176128,177152,1024,49,0
1,0,74,D5,176128,177152,1024,49,0
1,0,79,G5,176128,177152,1024,49,0
1,0,83,B5,176128,177152,1024,49,0
1,0,67,G4,177152,177664,512,49,0
1,0,73,C#5,177152,177664,512,49,0
1,0,76,E5,177152,177664,512,49,0
1,0,85,C#6,177152,177664,512,49,0
1,0,67,G4,177664,178176,512,49,0
1,0,73,C#5,177664,178176,512,49,0
1,0,76,E5,177664,178176,512,49,0
1,0,86,D6,177664,178048,384,49,0
1,0,88,E6,178048,178176,128,49,0
1,0,66,F#4,178176,179200,1024,49,0
1,0,69,A4,178176,179200,1024,49,0
1,0,74,D5,178176,179200,1024,49,0
1,0,81,A5,178176,179200,1024,49,0
1,0,93,A6,178176,179200,1024,49,0
1,0,71,B4,179200,179712,512,49,0
1,0,74,D5,179200,179712,512,49,0
1,0,78,F#5,179200,180224,1024,49,0
1,0,83,B5,179200,179712,512,49,0
1,0,71,B4,179712,180224,512,49,0
1,0,74,D5,179712,180224,512,49,0
1,0,85,C#6,179712,180096,384,49,0
1,0,86,D6,180096,180224,128,49,0
1,0,64,E4,180224,181248,1024,49,0
1,0,71,B4,180224,181248,1024,49,0
1,0,79,G5,180224,181248,1024,49,0
1,0,91,G6,180224,181248,1024,49,0
1,0,62,D4,181248,182144,896,49,0
1,0,74,D5,181248,182144,896,49,0
1,0,81,A5,181248,182144,896,49,0
1,0,90,F#6,181248,182144,896,49,0
1,0,69,A4,182144,182272,128,49,0
1,0,73,C#5,182144,182272,128,49,0
1,0,81,A5,182144,182272,128,49,0
1,0,88,E6,182144,182272,128,49,0
1,0,69,A4,182272,183296,1024,49,0
1,0,73,C#5,182272,183296,1024,49,0
1,0,81,A5,182272,183296,1024,49,0
1,0,88,E6,182272,183296,1024,49,0
2,2,62,D4,183808,184320,512,49,0
2,2,69,A4,183808,184320,512,49,0
2,2,74,D5,183808,184320,512,49,0
2,2,78,F#5,183808,184320,512,49,0
2,2,62,D4,184320,185344,1024,49,0
2,2,69,A4,184320,185344,1024,49,0
2,2,74,D5,184320,185344,1024,49,0
2,2,78,F#5,184320,185344,1024,49,0
2,2,62,D4,185344,186368,1024,49,0
2,2,71,B4,185344,186368,1024,49,0
2,2,74,D5,185344,186368,1024,49,0
2,2,79,G5,185344,186368,1024,49,0
2,2,62,D4,186368,187392,1024,49,0
2,2,69,A4,186368,187136,768,49,0
2,2,74,D5,186368,187136,768,49,0
2,2,78,F#5,186368,187136,768,49,0
2,2,66,F#4,187136,187392,256,49,0
2,2,69,A4,187136,187392,256,49,0
2,2,74,D5,187136,187392,256,49,0
2,2,62,D4,187392,188416,1024,49,0
2,2,66,F#4,187392,188416,1024,49,0
2,2,69,A4,187392,188416,1024,49,0
2,2,74,D5,187392,188416,1024,49,0
2,2,62,D4,188416,190464,2048,49,0
2,2,66,F#4,188416,190208,1792,49,0
2,2,69,A4,188416,190208,1792,49,0
2,2,74,D5,188416,190208,1792,49,0
2,2,62,D4,190208,190464,256,49,0
2,2,66,F#4,190208,190464,256,49,0
2,2,69,A4,190208,190464,256,49,0
2,2,62,D4,190464,191488,1024,49,0
2,2,62,D4,190464,191488,1024,49,0
2,2,66,F#4,190464,191488,1024,49,0
2,2,69,A4,190464,191488,1024,49,0
2,2,62,D4,191488,192512,1024,49,0
2,2,66,F#4,191488,192512,1024,49,0
2,2,69,A4,191488,192512,1024,49,0
2,2,74,D5,191488,192512,1024,49,0
2,2,62,D4,192512,195584,3072,49,0
2,2,67,G4,192512,195072,2560,49,0
2,2,71,B4,192512,195072,2560,49,0
2,2,74,D5,192512,195584,3072,49,0
2,2,66,F#4,195072,195584,512,49,0
2,2,69,A4,195072,195584,512,49,0
2,2,62,D4,195584,196608,1024,49,0
2,2,66,F#4,195584,196608,1024,49,0
2,2,69,A4,195584,196608,1024,49,0
2,2,74,D5,195584,196608,1024,49,0
2,2,57,A3,196608,197632,1024,36,0
2,2,67,G4,196608,197632,1024,36,0
2,2,73,C#5,196608,197632,1024,36,0
2,2,76,E5,196608,197376,768,36,0
2,2,78,F#5,197376,197632,256,36,0
2,2,57,A3,197632,198656,1024,36,0
2,2,67,G4,197632,198656,1024,36,0
2,2,73,C#5,197632,198656,1024,36,0
2,2,76,E5,197632,198656,1024,36,0
1,0,50,D3,198656,199680,1024,49,0
1,0,57,A3,198656,199680,1024,49,0
1,0,66,F#4,198656,199936,1280,49,0
2,2,62,D4,198656,199680,1024,36,0
2,2,66,F#4,198656,199680,1024,36,0
2,2,69,A4,198656,199680,1024,36,0
2,2,74,D5,198656,199680,1024,36,0
1,0,52,E3,199680,200704,1024,49,0
1,0,61,C#4,199680,200704,1024,49,0
1,0,67,G4,199936,200192,256,49,0
1,0,68,G#4,200192,200448,256,49,0
1,0,69,A4,200448,200704,256,49,0
1,0,54,F#3,200704,202752,2048,49,0
1,0,62,D4,200704,202752,2048,49,0
1,0,81,A5,200704,201216,512,49,0
1,0,78,F#5,201216,201728,512,49,0
1,0,74,D5,201728,202240,512,49,0
1,0,69,A4,202240,202752,512,49,0
1,0,55,G3,202752,203776,1024,49,0
1,0,59,B3,202752,203776,1024,49,0
1,0,71,B4,202752,203776,1024,49,0
1,0,51,D#3,203776,204800,1024,49,0
1,0,59,B3,203776,204800,1024,49,0
1,0,67,G4,203776,204544,768,49,0
1,0,79,G5,203776,204544,768,49,0
1,0,66,F#4,204544,204800,256,49,0
1,0,78,F#5,204544,204800,256,49,0
1,0,52,E3,204800,205824,1024,49,0
1,0,59,B3,204800,205824,1024,49,0
1,0,66,F#4,204800,205312,512,49,0
1,0,78,F#5,204800,205312,512,49,0
1,0,64,E4,205312,206336,1024,49,0
1,0,76,E5,205312,206336,1024,49,0
1,0,50,D3,205824,206848,1024,49,0
1,0,55,G3,205824,206848,1024,49,0
1,0,59,B3,205824,206848,1024,49,0
1,0,71,B4,206336,207360,1024,49,0
1,0,55,G3,206848,207872,1024,49,0
1,0,64,E4,206848,207872,1024,49,0
1,0,71,B4,207360,207872,512,49,0
1,0,57,A3,207872,208896,1024,49,0
1,0,64,E4,207872,208896,1024,49,0
1,0,73,C#5,207872,208128,256,49,0
1,0,74,D5,208128,208384,256,49,0
1,0,75,D#5,208384,208640,256,49,0
1,0,76,E5,208640,208896,256,49,0
1,0,57,A3,208896,209920,1024,49,0
1,0,66,F#4,208896,209920,1024,49,0
1,0,86,D6,208896,209408,512,49,0
1,0,81,A5,209408,209920,512,49,0
1,0,59,B3,209920,210944,1024,49,0
1,0,62,D4,209920,210944,1024,49,0
1,0,78,F#5,209920,210432,512,49,0
1,0,74,D5,210432,210944,512,49,0
1,0,50,D3,210944,211968,1024,49,0
1,0,57,A3,210944,211968,1024,49,0
1,0,62,D4,210944,211968,1024,49,0
1,0,69,A4,210944,211968,1024,49,0
1,0,78,F#5,210944,211968,1024,49,0
1,0,55,G3,211968,212992,1024,49,0
1,0,61,C#4,211968,212992,1024,49,0
1,0,69,A4,211968,212864,896,49,0
1,0,76,E5,211968,212864,896,49,0
1,0,66,F#4,212864,212992,128,49,0
1,0,74,D5,212864,212992,128,49,0
1,0,50,D3,212992,214016,1024,49,0
1,0,57,A3,212992,214016,1024,49,0
1,0,66,F#4,212992,214016,1024,49,0
1,0,74,D5,212992,214016,1024,49,0
1,0,62,D4,214016,214912,896,49,0
1,0,74,D5,214016,214912,896,49,0
1,0,62,D4,214912,215040,128,49,0
1,0,74,D5,214912,215040,128,49,0
1,0,62,D4,215040,216960,1920,49,0
1,0,74,D5,215040,216960,1920,49,0
1,0,62,D4,216960,217088,128,49,0
1,0,74,D5,216960,217088,128,49,0
1,0,62,D4,217088,219008,1920,49,0
1,0,74,D5,217088,219008,1920,49,0
1,0,62,D4,219008,219136,128,49,0
1,0,74,D5,219008,219136,128,49,0
1,0,62,D4,219136,220160,1024,49,0
1,0,74,D5,219136,220160,1024,49,0
1,0,62,D4,220160,221184,1024,49,0
1,0,74,D5,220160,221184,1024,49,0
1,0,53,F3,221184,222208,1024,49,0
1,0,65,F4,221184,222208,1024,49,0
1,0,77,F5,221184,223232,2048,49,0
1,0,53,F3,222208,223104,896,49,0
1,0,65,F4,222208,223104,896,49,0
1,0,53,F3,223104,223232,128,49,0
1,0,65,F4,223104,223232,128,49,0
1,0,53,F3,223232,224256,1024,49,0
1,0,65,F4,223232,224256,1024,49,0
1,0,77,F5,223232,225280,2048,49,0
1,0,53,F3,224256,225152,896,49,0
1,0,65,F4,224256,225152,896,49,0
1,0,53,F3,225152,225280,128,49,0
1,0,65,F4,225152,225280,128,49,0
1,0,53,F3,225280,227072,1792,49,0
1,0,65,F4,225280,227072,1792,49,0
1,0,77,F5,225280,227328,2048,49,0
1,0,53,F3,227072,227200,128,49,0
1,0,65,F4,227072,227200,128,49,0
1,0,53,F3,227328,228352,1024,49,0
1,0,65,F4,227328,228352,1024,49,0
1,0,77,F5,227328,229248,1920,49,0
1,0,53,F3,228352,229376,1024,49,0
1,0,65,F4,228352,229376,1024,49,0
1,0,76,E5,228992,229120,128,49,0
1,0,77,F5,229120,229376,256,49,0
1,0,79,G5,229248,229376,128,49,0
1,0,46,A#2,229376,230400,1024,49,0
1,0,58,A#3,229376,230400,1024,49,0
1,0,70,A#4,229376,230400,1024,49,0
1,0,74,D5,229376,230400,1024,49,0
1,0,77,F5,229376,230400,1024,49,0
2,2,58,A#3,229376,230400,1024,49,0
2,2,62,D4,229376,230400,1024,49,0
2,2,65,F4,229376,230400,1024,49,0
2,2,65,F4,229376,230400,1024,49,0
1,0,46,A#2,230400,231168,768,49,0
1,0,58,A#3,230400,231168,768,49,0
1,0,70,A#4,230400,231168,768,49,0
1,0,74,D5,230400,231168,768,49,0
1,0,77,F5,230400,231168,768,49,0
1,0,82,A#5,230400,231168,768,49,0
2,2,58,A#3,230400,231168,768,49,0
2,2,62,D4,230400,231168,768,49,0
2,2,65,F4,230400,231168,768,49,0
2,2,70,A#4,230400,231168,768,49,0
1,0,46,A#2,231168,231424,256,49,0
1,0,58,A#3,231168,231424,256,49,0
1,0,70,A#4,231168,231424,256,49,0
1,0,74,D5,231168,231424,256,49,0
1,0,77,F5,231168,231424,256,49,0
1,0,82,A#5,231168,231424,256,49,0
2,2,58,A#3,231168,231424,256,49,0
2,2,62,D4,231168,231424,256,49,0
2,2,65,F4,231168,231424,256,49,0
2,2,70,A#4,231168,231424,256,49,0
1,0,46,A#2,231424,231680,256,49,0
1,0,58,A#3,231424,231680,256,49,0
1,0,70,A#4,231424,233472,2048,49,0
1,0,74,D5,231424,233472,2048,49,0
1,0,77,F5,231424,233472,2048,49,0
1,0,82,A#5,231424,233472,2048,49,0
2,2,58,A#3,231424,232960,1536,49,0
2,2,62,D4,231424,232960,1536,49,0
2,2,65,F4,231424,232960,1536,49,0
2,2,70,A#4,231424,232960,1536,49,0
1,0,46,A#2,231680,231936,256,49,0
1,0,50,D3,231936,232192,256,49,0
1,0,53,F3,232192,232448,256,49,0
1,0,58,A#3,232448,232704,256,49,0
1,0,62,D4,232704,232960,256,49,0
1,0,65,F4,232960,233216,256,49,0
1,0,70,A#4,233216,233472,256,49,0
1,0,46,A#2,233472,234496,1024,49,0
1,0,58,A#3,233472,234496,1024,49,0
1,0,70,A#4,233472,234496,1024,49,0
1,0,74,D5,233472,234496,1024,49,0
1,0,77,F5,233472,234496,1024,49,0
2,2,58,A#3,233472,234496,1024,49,0
2,2,62,D4,233472,234496,1024,49,0
2,2,65,F4,233472,234496,1024,49,0
2,2,65,F4,233472,234496,1024,49,0
1,0,41,F2,234496,235264,768,49,0
1,0,53,F3,234496,235264,768,49,0
1,0,75,D#5,234496,235264,768,49,0
1,0,77,F5,234496,235264,768,49,0
1,0,84,C6,234496,235264,768,49,0
2,2,53,F3,234496,235264,768,49,0
2,2,63,D#4,234496,235264,768,49,0
2,2,65,F4,234496,235264,768,49,0
2,2,72,C5,234496,235264,768,49,0
1,0,41,F2,235264,235520,256,49,0
1,0,53,F3,235264,235520,256,49,0
1,0,75,D#5,235264,235520,256,49,0
1,0,77,F5,235264,235520,256,49,0
1,0,81,A5,235264,235520,256,49,0
2,2,53,F3,235264,235520,256,49,0
2,2,60,C4,235264,235520,256,49,0
2,2,65,F4,235264,235520,256,49,0
2,2,69,A4,235264,235520,256,49,0
1,0,46,A#2,235520,235776,256,49,0
1,0,58,A#3,235520,235776,256,49,0
1,0,74,D5,235520,237568,2048,49,0
1,0,77,F5,235520,237568,2048,49,0
1,0,82,A#5,235520,237568,2048,49,0
2,2,58,A#3,235520,237056,1536,49,0
2,2,62,D4,235520,237056,1536,49,0
2,2,65,F4,235520,237056,1536,49,0
2,2,70,A#4,235520,237056,1536,49,0
1,0,50,D3,235776,236032,256,49,0
1,0,53,F3,236032,236288,256,49,0
1,0,58,A#3,236288,236544,256,49,0
1,0,62,D4,236544,236800,256,49,0
1,0,65,F4,236800,237056,256,49,0
1,0,70,A#4,237056,237312,256,49,0
1,0,74,D5,237312,237568,256,49,0
1,0,46,A#2,237568,237824,256,49,0
1,0,70,A#4,237568,238592,1024,49,0
1,0,74,D5,237568,238592,1024,49,0
1,0,77,F5,237568,238592,1024,49,0
2,2,58,A#3,237568,238592,1024,49,0
2,2,62,D4,237568,238592,1024,49,0
2,2,65,F4,237568,238592,1024,49,0
2,2,65,F4,237568,238592,1024,49,0
1,0,53,F3,237824,238080,256,49,0
1,0,58,A#3,238080,238336,256,49,0
1,0,62,D4,238336,238592,256,49,0
1,0,58,A#3,238592,239360,768,49,0
1,0,74,D5,238592,239360,768,49,0
1,0,77,F5,238592,239360,768,49,0
1,0,82,A#5,238592,239360,768,49,0
2,2,58,A#3,238592,239360,768,49,0
2,2,62,D4,238592,239360,768,49,0
2,2,65,F4,238592,239360,768,49,0
2,2,70,A#4,238592,239360,768,49,0
1,0,46,A#2,239360,239616,256,49,0
1,0,58,A#3,239360,239616,256,49,0
1,0,79,G5,239360,239616,256,49,0
1,0,82,A#5,239360,239616,256,49,0
1,0,87,D#6,239360,239616,256,49,0
2,2,58,A#3,239360,239616,256,49,0
2,2,67,G4,239360,239616,256,49,0
2,2,70,A#4,239360,239616,256,49,0
2,2,75,D#5,239360,239616,256,49,0
1,0,46,A#2,239616,240640,1024,49,0
1,0,58,A#3,239616,240640,1024,49,0
1,0,79,G5,239616,240640,1024,49,0
1,0,82,A#5,239616,240640,1024,49,0
1,0,87,D#6,239616,240640,1024,49,0
2,2,58,A#3,239616,242688,3072,49,0
2,2,67,G4,239616,240640,1024,49,0
2,2,70,A#4,239616,240640,1024,49,0
2,2,75,D#5,239616,240640,1024,49,0
1,0,46,A#2,240640,241408,768,49,0
1,0,58,A#3,240640,241408,768,49,0
1,0,77,F5,240640,241408,768,49,0
1,0,82,A#5,240640,241408,768,49,0
1,0,86,D6,240640,241408,768,49,0
2,2,65,F4,240640,241152,512,49,0
2,2,70,A#4,240640,241152,512,49,0
2,2,74,D5,240640,241152,512,49,0
1,0,46,A#2,241408,241664,256,49,0
1,0,58,A#3,241408,241664,256,49,0
1,0,75,D#5,241408,241664,256,49,0
1,0,77,F5,241408,241664,256,49,0
1,0,84,C6,241408,241664,256,49,0
2,2,63,D#4,241408,241664,256,49,0
2,2,65,F4,241408,241664,256,49,0
2,2,72,C5,241408,241664,256,49,0
1,0,46,A#2,241664,242688,1024,49,0
1,0,58,A#3,241664,242688,1024,49,0
1,0,74,D5,241664,242688,1024,49,0
1,0,77,F5,241664,242688,1024,49,0
1,0,82,A#5,241664,242688,1024,49,0
2,2,62,D4,241664,242688,1024,49,0
2,2,65,F4,241664,242688,1024,49,0
2,2,70,A#4,241664,242688,1024,49,0
1,0,84,C6,242432,242560,128,49,0
1,0,82,A#5,242560,242688,128,49,0
1,0,43,G2,242688,243456,768,49,0
1,0,55,G3,242688,243456,768,49,0
1,0,76,E5,242688,243456,768,49,0
1,0,81,A5,242688,243456,768,49,0
2,2,55,G3,242688,243456,768,49,0
2,2,58,A#3,242688,243456,768,49,0
2,2,64,E4,242688,243456,768,49,0
2,2,69,A4,242688,243456,768,49,0
1,0,43,G2,243456,243712,256,49,0
1,0,55,G3,243456,243712,256,49,0
1,0,76,E5,243456,243712,256,49,0
1,0,82,A#5,243456,243712,256,49,0
2,2,55,G3,243456,243712,256,49,0
2,2,58,A#3,243456,243712,256,49,0
2,2,64,E4,243456,243712,256,49,0
2,2,70,A#4,243456,243712,256,49,0
1,0,41,F2,243712,243968,256,49,0
1,0,53,F3,243712,243968,256,49,0
1,0,77,F5,243712,245760,2048,49,0
1,0,81,A5,243712,245760,2048,49,0
1,0,84,C6,243712,245760,2048,49,0
2,2,53,F3,243712,245248,1536,49,0
2,2,57,A3,243712,245248,1536,49,0
2,2,65,F4,243712,245248,1536,49,0
2,2,72,C5,243712,245248,1536,49,0
1,0,45,A2,243968,244224,256,49,0
1,0,48,C3,244224,244480,256,49,0
1,0,53,F3,244480,244736,256,49,0
1,0,57,A3,244736,244992,256,49,0
1,0,60,C4,244992,245248,256,49,0
1,0,65,F4,245248,245504,256,49,0
1,0,69,A4,245504,245760,256,49,0
1,0,46,A#2,245760,246784,1024,49,0
1,0,58,A#3,245760,246784,1024,49,0
1,0,70,A#4,245760,246784,1024,49,0
1,0,74,D5,245760,246784,1024,49,0
1,0,77,F5,245760,246784,1024,49,0
2,2,58,A#3,245760,246784,1024,49,0
2,2,62,D4,245760,246784,1024,49,0
2,2,65,F4,245760,246784,1024,49,0
2,2,65,F4,245760,246784,1024,49,0
1,0,46,A#2,246784,247552,768,49,0
1,0,58,A#3,246784,247552,768,49,0
1,0,74,D5,246784,247552,768,49,0
1,0,77,F5,246784,247552,768,49,0
1,0,82,A#5,246784,247552,768,49,0
2,2,58,A#3,246784,247552,768,49,0
2,2,62,D4,246784,247552,768,49,0
2,2,65,F4,246784,247552,768,49,0
2,2,70,A#4,246784,247552,768,49,0
1,0,46,A#2,247552,247808,256,49,0
1,0,58,A#3,247552,247808,256,49,0
1,0,74,D5,247552,247808,256,49,0
1,0,77,F5,247552,247808,256,49,0
1,0,82,A#5,247552,247808,256,49,0
2,2,58,A#3,247552,247808,256,49,0
2,2,62,D4,247552,247808,256,49,0
2,2,65,F4,247552,247808,256,49,0
2,2,70,A#4,247552,247808,256,49,0
1,0,46,A#2,247808,248064,256,49,0
1,0,58,A#3,247808,248064,256,49,0
1,0,74,D5,247808,249856,2048,49,0
1,0,77,F5,247808,249856,2048,49,0
1,0,82,A#5,247808,249856,2048,49,0
2,2,58,A#3,247808,249344,1536,49,0
2,2,62,D4,247808,249344,1536,49,0
2,2,65,F4,247808,249344,1536,49,0
2,2,70,A#4,247808,249344,1536,49,0
1,0,46,A#2,248064,248320,256,49,0
1,0,50,D3,248320,248576,256,49,0
1,0,53,F3,248576,248832,256,49,0
1,0,58,A#3,248832,249088,256,49,0
1,0,62,D4,249088,249344,256,49,0
1,0,65,F4,249344,249600,256,49,0
1,0,70,A#4,249600,249856,256,49,0
1,0,46,A#2,249856,250880,1024,49,0
1,0,58,A#3,249856,250880,1024,49,0
1,0,70,A#4,249856,250880,1024,49,0
1,0,74,D5,249856,250880,1024,49,0
1,0,77,F5,249856,250880,1024,49,0
2,2,58,A#3,249856,250880,1024,49,0
2,2,62,D4,249856,250880,1024,49,0
2,2,65,F4,249856,250880,1024,49,0
2,2,65,F4,249856,250880,1024,49,0
1,0,41,F2,250880,251648,768,49,0
1,0,53,F3,250880,251648,768,49,0
1,0,75,D#5,250880,251648,768,49,0
1,0,77,F5,250880,251648,768,49,0
1,0,84,C6,250880,251648,768,49,0
2,2,53,F3,250880,251648,768,49,0
2,2,63,D#4,250880,251648,768,49,0
2,2,65,F4,250880,251648,768,49,0
2,2,72,C5,250880,251648,768,49,0
1,0,41,F2,251648,251904,256,49,0
1,0,53,F3,251648,251904,256,49,0
1,0,75,D#5,251648,251904,256,49,0
1,0,77,F5,251648,251904,256,49,0
1,0,81,A5,251648,251904,256,49,0
2,2,53,F3,251648,251904,256,49,0
2,2,60,C4,251648,251904,256,49,0
2,2,65,F4,251648,251904,256,49,0
2,2,69,A4,251648,251904,256,49,0
1,0,46,A#2,251904,252160,256,49,0
1,0,58,A#3,251904,252160,256,49,0
1,0,74,D5,251904,253952,2048,49,0
1,0,77,F5,251904,253952,2048,49,0
1,0,82,A#5,251904,253952,2048,49,0
2,2,58,A#3,251904,253440,1536,49,0
2,2,62,D4,251904,253440,1536,49,0
2,2,65,F4,251904,253440,1536,49,0
2,2,70,A#4,251904,253440,1536,49,0
1,0,50,D3,252160,252416,256,49,0
1,0,53,F3,252416,252672,256,49,0
1,0,58,A#3,252672,252928,256,49,0
1,0,62,D4,252928,253184,256,49,0
1,0,65,F4,253184,253440,256,49,0
1,0,70,A#4,253440,253696,256,49,0
1,0,74,D5,253696,253952,256,49,0
1,0,46,A#2,253952,254208,256,49,0
1,0,70,A#4,253952,254976,1024,49,0
1,0,74,D5,253952,254976,1024,49,0
1,0,77,F5,253952,254976,1024,49,0
2,2,58,A#3,253952,254976,1024,49,0
2,2,62,D4,253952,254976,1024,49,0
2,2,65,F4,253952,254976,1024,49,0
2,2,65,F4,253952,254976,1024,49,0
1,0,53,F3,254208,254464,256,49,0
1,0,58,A#3,254464,254720,256,49,0
1,0,62,D4,254720,254976,256,49,0
1,0,58,A#3,254976,256000,1024,49,0
1,0,74,D5,254976,255744,768,49,0
1,0,77,F5,254976,255744,768,49,0
1,0,82,A#5,254976,255744,768,49,0
2,2,58,A#3,254976,255744,768,49,0
2,2,62,D4,254976,255744,768,49,0
2,2,65,F4,254976,255744,768,49,0
2,2,70,A#4,254976,255744,768,49,0
1,0,77,F5,255744,256000,256,49,0
1,0,82,A#5,255744,256000,256,49,0
1,0,86,D6,255744,256000,256,49,0
2,2,58,A#3,255744,256000,256,49,0
2,2,62,D4,255744,256000,256,49,0
2,2,65,F4,255744,256000,256,49,0
2,2,74,D5,255744,256000,256,49,0
1,0,50,D3,256000,256256,256,49,0
1,0,77,F5,256000,257024,1024,49,0
1,0,81,A5,256000,257024,1024,49,0
1,0,89,F6,256000,257024,1024,49,0
2,2,50,D3,256000,257024,1024,49,0
2,2,62,D4,256000,257024,1024,49,0
2,2,69,A4,256000,257024,1024,49,0
2,2,77,F5,256000,257024,1024,49,0
1,0,53,F3,256256,256512,256,49,0
1,0,57,A3,256512,256768,256,49,0
1,0,62,D4,256768,257024,256,49,0
1,0,55,G3,257024,257280,256,49,0
1,0,79,G5,257024,257792,768,49,0
1,0,82,A#5,257024,257792,768,49,0
1,0,86,D6,257024,257792,768,49,0
2,2,55,G3,257024,257792,768,49,0
2,2,58,A#3,257024,257792,768,49,0
2,2,67,G4,257024,257792,768,49,0
2,2,74,D5,257024,257792,768,49,0
1,0,58,A#3,257280,257536,256,49,0
1,0,62,D4,257536,257792,256,49,0
1,0,55,G3,257792,258048,256,49,0
1,0,79,G5,257792,258048,256,49,0
1,0,82,A#5,257792,258048,256,49,0
2,2,55,G3,257792,258048,256,49,0
2,2,62,D4,257792,258048,256,49,0
2,2,67,G4,257792,258048,256,49,0
2,2,70,A#4,257792,258048,256,49,0
1,0,48,C3,258048,258304,256,49,0
1,0,72,C5,258048,259072,1024,49,0
1,0,79,G5,258048,259072,1024,49,0
2,2,51,D#3,258048,259072,1024,75,0
2,2,60,C4,258048,259072,1024,75,0
2,2,67,G4,258048,259072,1024,75,0
2,2,67,G4,258048,259072,1024,75,0
1,0,51,D#3,258304,258560,256,49,0
1,0,55,G3,258560,258816,256,49,0
1,0,60,C4,258816,259072,256,49,0
1,0,53,F3,259072,259328,256,49,0
1,0,75,D#5,259072,259840,768,49,0
1,0,81,A5,259072,259840,768,49,0
1,0,84,C6,259072,259840,768,49,0
2,2,53,F3,259072,259840,768,49,0
2,2,57,A3,259072,259840,768,49,0
2,2,63,D#4,259072,259840,768,49,0
2,2,72,C5,259072,259840,768,49,0
1,0,57,A3,259328,259584,256,49,0
1,0,60,C4,259584,259840,256,49,0
1,0,53,F3,259840,260096,256,49,0
1,0,77,F5,259840,260096,256,49,0
1,0,81,A5,259840,260096,256,49,0
1,0,86,D6,259840,260096,256,49,0
2,2,53,F3,259840,260096,256,49,0
2,2,57,A3,259840,260096,256,49,0
2,2,65,F4,259840,260096,256,49,0
2,2,74,D5,259840,260096,256,49,0
1,0,46,A#2,260096,260352,256,49,0
1,0,74,D5,260096,262144,2048,49,0
1,0,82,A#5,260096,262144,2048,49,0
2,2,58,A#3,260096,261632,1536,49,0
2,2,58,A#3,260096,261632,1536,49,0
2,2,62,D4,260096,261632,1536,49,0
2,2,70,A#4,260096,261632,1536,49,0
1,0,50,D3,260352,260608,256,49,0
1,0,53,F3,260608,260864,256,49,0
1,0,58,A#3,260864,261120,256,49,0
1,0,62,D4,261120,261376,256,49,0
1,0,65,F4,261376,261632,256,49,0
1,0,70,A#4,261632,261888,256,49,0
1,0,74,D5,261888,262144,256,49,0
1,0,67,G4,262144,263168,1024,49,0
1,0,70,A#4,262144,263168,1024,49,0
1,0,75,D#5,262144,263168,1024,49,0
2,2,67,G4,262144,263168,1024,75,0
2,2,70,A#4,262144,263168,1024,75,0
2,2,75,D#5,262144,263168,1024,75,0
1,0,65,F4,263168,263680,512,49,0
1,0,69,A4,263168,263680,512,49,0
1,0,74,D5,263168,263680,512,49,0
2,2,65,F4,263168,263680,512,75,0
2,2,69,A4,263168,263680,512,75,0
2,2,74,D5,263168,263680,512,75,0
1,0,63,D#4,263680,264192,512,49,0
1,0,67,G4,263680,264192,512,49,0
1,0,72,C5,263680,264192,512,49,0
2,2,63,D#4,263680,264192,512,75,0
2,2,67,G4,263680,264192,512,75,0
2,2,72,C5,263680,264192,512,75,0
1,0,60,C4,264192,265216,1024,49,0
1,0,63,D#4,264192,265216,1024,49,0
1,0,67,G4,264192,265216,1024,49,0
2,2,60,C4,264192,265216,1024,75,0
2,2,63,D#4,264192,265216,1024,75,0
2,2,67,G4,264192,265216,1024,75,0
1,0,60,C4,265216,266240,1024,49,0
1,0,63,D#4,265216,266240,1024,49,0
1,0,67,G4,265216,266240,1024,49,0
2,2,60,C4,265216,266240,1024,75,0
2,2,63,D#4,265216,266240,1024,75,0
2,2,67,G4,265216,266240,1024,75,0
1,0,41,F2,266240,267264,1024,75,0
1,0,53,F3,266240,267264,1024,75,0
1,0,60,C4,266240,267264,1024,75,0
1,0,63,D#4,266240,267264,1024,75,0
1,0,65,F4,266240,267264,1024,75,0
1,0,69,A4,266240,267264,1024,75,0
2,2,53,F3,266240,267264,1024,75,0
2,2,60,C4,266240,267264,1024,75,0
2,2,65,F4,266240,267264,1024,75,0
2,2,69,A4,266240,267264,1024,75,0
1,0,41,F2,267264,268032,768,75,0
1,0,53,F3,267264,268032,768,75,0
1,0,62,D4,267264,268032,768,75,0
1,0,65,F4,267264,268032,768,75,0
1,0,70,A#4,267264,268032,768,75,0
2,2,53,F3,267264,268032,768,75,0
2,2,62,D4,267264,268032,768,75,0
2,2,65,F4,267264,268032,768,75,0
2,2,70,A#4,267264,268032,768,75,0
1,0,41,F2,268032,268288,256,75,0
1,0,53,F3,268032,268288,256,75,0
1,0,65,F4,268032,268288,256,75,0
1,0,69,A4,268032,268288,256,75,0
1,0,72,C5,268032,268288,256,75,0
2,2,53,F3,268032,268288,256,75,0
2,2,57,A3,268032,268288,256,75,0
2,2,65,F4,268032,268288,256,75,0
2,2,72,C5,268032,268288,256,75,0
1,0,41,F2,268288,268544,256,75,0
1,0,53,F3,268288,268544,256,75,0
1,0,65,F4,268288,269312,1024,75,0
1,0,69,A4,268288,269568,1280,75,0
1,0,72,C5,268288,269824,1536,75,0
2,2,53,F3,268288,269824,1536,75,0
2,2,57,A3,268288,269824,1536,75,0
2,2,65,F4,268288,269824,1536,75,0
2,2,72,C5,268288,269824,1536,75,0
1,0,57,A3,268544,268800,256,75,0
1,0,60,C4,268800,269056,256,75,0
1,0,65,F4,269056,270336,1280,75,0
1,0,69,A4,269312,270336,1024,75,0
1,0,72,C5,269568,270336,768,75,0
1,0,77,F5,269824,270080,256,75,0
1,0,81,A5,270080,270336,256,75,0
1,0,67,G4,270336,271360,1024,49,0
1,0,70,A#4,270336,271360,1024,49,0
1,0,75,D#5,270336,271360,1024,49,0
2,2,67,G4,270336,271360,1024,49,0
2,2,70,A#4,270336,271360,1024,49,0
2,2,75,D#5,270336,271360,1024,49,0
1,0,65,F4,271360,271872,512,49,0
1,0,69,A4,271360,271872,512,49,0
1,0,74,D5,271360,271872,512,49,0
2,2,65,F4,271360,271872,512,49,0
2,2,69,A4,271360,271872,512,49,0
2,2,74,D5,271360,271872,512,49,0
1,0,63,D#4,271872,272384,512,49,0
1,0,67,G4,271872,272384,512,49,0
1,0,72,C5,271872,272384,512,49,0
2,2,63,D#4,271872,272384,512,49,0
2,2,67,G4,271872,272384,512,49,0
2,2,72,C5,271872,272384,512,49,0
1,0,60,C4,272384,273408,1024,49,0
1,0,63,D#4,272384,273408,1024,49,0
1,0,67,G4,272384,273408,1024,49,0
2,2,60,C4,272384,273408,1024,49,0
2,2,63,D#4,272384,273408,1024,49,0
2,2,67,G4,272384,273408,1024,49,0
1,0,60,C4,273408,274432,1024,49,0
1,0,63,D#4,273408,274432,1024,49,0
1,0,67,G4,273408,274432,1024,49,0
2,2,60,C4,273408,274432,1024,49,0
2,2,63,D#4,273408,274432,1024,49,0
2,2,67,G4,273408,274432,1024,49,0
1,0,43,G2,274432,275456,1024,49,0
1,0,55,G3,274432,275456,1024,49,0
1,0,59,B3,274432,275456,1024,49,0
1,0,62,D4,274432,275456,1024,49,0
1,0,67,G4,274432,275456,1024,49,0
2,2,55,G3,274432,275456,1024,49,0
2,2,59,B3,274432,275456,1024,49,0
2,2,62,D4,274432,275456,1024,49,0
2,2,67,G4,274432,275456,1024,49,0
1,0,38,D2,275456,276224,768,49,0
1,0,50,D3,275456,276224,768,49,0
1,0,60,C4,275456,276224,768,49,0
1,0,66,F#4,275456,276224,768,49,0
1,0,69,A4,275456,276224,768,49,0
2,2,50,D3,275456,276224,768,49,0
2,2,62,D4,275456,276224,768,49,0
2,2,66,F#4,275456,276224,768,49,0
2,2,69,A4,275456,276224,768,49,0
1,0,43,G2,276224,276480,256,49,0
1,0,55,G3,276224,276480,256,49,0
1,0,62,D4,276224,276480,256,49,0
1,0,67,G4,276224,276480,256,49,0
1,0,71,B4,276224,276480,256,49,0
2,2,55,G3,276224,276480,256,49,0
2,2,62,D4,276224,276480,256,49,0
2,2,67,G4,276224,276480,256,49,0
2,2,71,B4,276224,276480,256,49,0
1,0,43,G2,276480,276992,512,49,0
1,0,55,G3,276480,276992,512,49,0
1,0,67,G4,276480,278016,1536,49,0
1,0,71,B4,276480,278528,2048,49,0
2,2,55,G3,276480,278016,1536,49,0
2,2,62,D4,276480,278528,2048,49,0
2,2,67,G4,276480,278528,2048,49,0
2,2,71,B4,276480,278528,2048,49,0
1,0,47,B2,276992,277504,512,49,0
1,0,62,D4,276992,277504,512,49,0
1,0,50,D3,277504,278016,512,49,0
1,0,67,G4,277504,278528,1024,49,0
1,0,55,G3,278016,278528,512,49,0
1,0,71,B4,278016,278528,512,49,0
2,2,55,G3,278016,278528,512,49,0
1,0,59,B3,278528,279040,512,49,0
1,0,67,G4,278528,279552,1024,49,0
1,0,74,D5,278528,279552,1024,49,0
2,2,55,G3,278528,281600,3072,49,0
2,2,59,B3,278528,279552,1024,49,0
2,2,67,G4,278528,279552,1024,49,0
2,2,74,D5,278528,279552,1024,49,0
1,0,55,G3,279040,279552,512,49,0
1,0,55,G3,279040,281600,2560,49,0
1,0,60,C4,279552,280064,512,49,0
1,0,67,G4,279552,280576,1024,49,0
1,0,76,E5,279552,280064,512,49,0
2,2,60,C4,279552,280064,512,49,0
2,2,67,G4,279552,280064,512,49,0
2,2,76,E5,279552,280064,512,49,0
1,0,59,B3,280064,280576,512,49,0
1,0,74,D5,280064,280576,512,49,0
2,2,59,B3,280064,280576,512,49,0
2,2,67,G4,280064,280576,512,49,0
2,2,74,D5,280064,280576,512,49,0
1,0,64,E4,280576,281088,512,49,0
1,0,69,A4,280576,281088,512,49,0
1,0,72,C5,280576,281600,1024,49,0
2,2,64,E4,280576,281088,512,49,0
2,2,64,E4,280576,281088,512,49,0
2,2,69,A4,280576,281088,512,49,0
2,2,72,C5,280576,281600,1024,49,0
1,0,63,D#4,281088,281600,512,49,0
1,0,66,F#4,281088,281600,512,49,0
2,2,63,D#4,281088,281600,512,49,0
2,2,63,D#4,281088,281600,512,49,0
2,2,66,F#4,281088,281600,512,49,0
1,0,55,G3,281600,282624,1024,49,0
1,0,62,D4,281600,282112,512,49,0
1,0,67,G4,281600,282624,1024,49,0
1,0,71,B4,281600,282624,1024,49,0
2,2,55,G3,281600,282624,1024,49,0
2,2,62,D4,281600,282112,512,49,0
2,2,62,D4,281600,282624,1024,49,0
2,2,67,G4,281600,282624,1024,49,0
2,2,71,B4,281600,282624,1024,49,0
1,0,59,B3,282112,282624,512,49,0
2,2,59,B3,282112,282624,512,49,0
1,0,57,A3,282624,283136,512,49,0
1,0,66,F#4,282624,284672,2048,49,0
1,0,74,D5,282624,283136,512,49,0
2,2,50,D3,282624,284160,1536,49,0
2,2,57,A3,282624,283648,1024,49,0
2,2,60,C4,282624,283648,1024,49,0
2,2,66,F#4,282624,283648,1024,49,0
2,2,74,D5,282624,283136,512,49,0
1,0,50,D3,283136,283648,512,49,0
1,0,50,D3,283136,284672,1536,49,0
1,0,73,C#5,283136,283648,512,49,0
2,2,73,C#5,283136,283648,512,49,0
1,0,57,A3,283648,284160,512,49,0
1,0,72,C5,283648,284160,512,49,0
2,2,57,A3,283648,284160,512,49,0
2,2,57,A3,283648,284160,512,49,0
2,2,66,F#4,283648,284160,512,49,0
2,2,72,C5,283648,284160,512,49,0
1,0,62,D4,284160,284672,512,49,0
1,0,71,B4,284160,284672,512,49,0
2,2,50,D3,284160,284672,512,49,0
2,2,62,D4,284160,284672,512,49,0
2,2,62,D4,284160,284672,512,49,0
2,2,66,F#4,284160,284672,512,49,0
2,2,71,B4,284160,284672,512,49,0
1,0,48,C3,284672,286720,2048,49,0
1,0,50,D3,284672,285184,512,49,0
1,0,60,C4,284672,286720,2048,49,0
1,0,66,F#4,284672,286720,2048,49,0
1,0,71,B4,284672,285696,1024,49,0
2,2,50,D3,284672,286208,1536,49,0
2,2,60,C4,284672,285696,1024,49,0
2,2,66,F#4,284672,285696,1024,49,0
2,2,71,B4,284672,285696,1024,49,0
1,0,54,F#3,285184,285696,512,49,0
1,0,57,A3,285696,286208,512,49,0
1,0,69,A4,285696,286720,1024,49,0
2,2,60,C4,285696,286720,1024,49,0
2,2,66,F#4,285696,286720,1024,49,0
2,2,69,A4,285696,286720,1024,49,0
1,0,62,D4,286208,286720,512,49,0
2,2,50,D3,286208,286720,512,49,0
1,0,47,B2,286720,287232,512,49,0
1,0,62,D4,286720,287744,1024,49,0
1,0,67,G4,286720,287744,1024,49,0
1,0,74,D5,286720,287744,1024,49,0
2,2,47,B2,286720,287744,1024,49,0
2,2,55,G3,286720,287744,1024,49,0
2,2,62,D4,286720,287744,1024,49,0
2,2,67,G4,286720,287744,1024,49,0
2,2,74,D5,286720,287744,1024,49,0
1,0,50,D3,287232,287744,512,49,0
1,0,55,G3,287744,288256,512,49,0
1,0,76,E5,287744,288256,512,49,0
2,2,47,B2,287744,288256,512,49,0
2,2,55,G3,287744,288256,512,49,0
2,2,62,D4,287744,288256,512,49,0
2,2,67,G4,287744,288256,512,49,0
2,2,76,E5,287744,288256,512,49,0
1,0,59,B3,288256,288768,512,49,0
1,0,78,F#5,288256,288768,512,49,0
2,2,47,B2,288256,288768,512,49,0
2,2,55,G3,288256,288768,512,49,0
2,2,62,D4,288256,288768,512,49,0
2,2,67,G4,288256,288768,512,49,0
2,2,78,F#5,288256,288768,512,49,0
1,0,52,E3,288768,289280,512,49,0
1,0,67,G4,288768,290816,2048,49,0
1,0,79,G5,288768,289792,1024,49,0
2,2,52,E3,288768,289792,1024,49,0
2,2,59,B3,288768,289792,1024,49,0
2,2,67,G4,288768,289792,1024,49,0
2,2,79,G5,288768,289792,1024,49,0
1,0,55,G3,289280,289792,512,49,0
1,0,59,B3,289792,290304,512,49,0
1,0,71,B4,289792,290816,1024,49,0
2,2,52,E3,289792,290816,1024,49,0
2,2,59,B3,289792,290816,1024,49,0
2,2,67,G4,289792,290816,1024,49,0
2,2,71,B4,289792,290816,1024,49,0
1,0,64,E4,290304,290816,512,49,0
1,0,50,D3,290816,291328,512,49,0
1,0,50,D3,290816,291840,1024,49,0
1,0,62,D4,290816,291840,1024,49,0
1,0,67,G4,290816,291840,1024,49,0
1,0,71,B4,290816,291840,1024,49,0
2,2,50,D3,290816,291840,1024,49,0
2,2,62,D4,290816,291840,1024,49,0
2,2,67,G4,290816,291840,1024,49,0
2,2,71,B4,290816,291840,1024,49,0
1,0,55,G3,291328,291840,512,49,0
1,0,49,C#3,291840,292352,512,49,0
1,0,49,C#3,291840,292864,1024,49,0
1,0,64,E4,291840,292864,1024,49,0
1,0,69,A4,291840,292608,768,49,0
2,2,49,C#3,291840,292608,768,49,0
2,2,55,G3,291840,292608,768,49,0
2,2,64,E4,291840,292608,768,49,0
2,2,69,A4,291840,292608,768,49,0
1,0,57,A3,292352,292864,512,49,0
1,0,67,G4,292608,292864,256,49,0
2,2,49,C#3,292608,292864,256,49,0
2,2,55,G3,292608,292864,256,49,0
2,2,64,E4,292608,292864,256,49,0
2,2,67,G4,292608,292864,256,49,0
1,0,50,D3,292864,293376,512,49,0
1,0,66,F#4,292864,294912,2048,49,0
1,0,69,A4,292864,294912,2048,49,0
1,0,76,E5,292864,293888,1024,49,0
2,2,50,D3,292864,294400,1536,49,0
2,2,57,A3,292864,293888,1024,49,0
2,2,60,C4,292864,293888,1024,49,0
2,2,66,F#4,292864,293888,1024,49,0
2,2,76,E5,292864,293888,1024,49,0
1,0,54,F#3,293376,293888,512,49,0
1,0,57,A3,293888,294400,512,49,0
1,0,74,D5,293888,294912,1024,49,0
2,2,57,A3,293888,294912,1024,49,0
2,2,60,C4,293888,294912,1024,49,0
2,2,66,F#4,293888,294912,1024,49,0
2,2,74,D5,293888,294912,1024,49,0
1,0,60,C4,294400,294912,512,49,0
2,2,50,D3,294400,294912,512,49,0
1,0,55,G3,294912,296960,2048,49,0
1,0,59,B3,294912,295936,1024,49,0
1,0,74,D5,294912,295936,1024,49,0
2,2,55,G3,294912,295936,1024,49,0
2,2,59,B3,294912,295936,1024,49,0
2,2,67,G4,294912,295936,1024,49,0
2,2,74,D5,294912,295936,1024,49,0
1,0,67,G4,295424,295936,512,49,0
1,0,58,A#3,295936,299008,3072,49,0
1,0,70,A#4,295936,296448,512,49,0
1,0,74,D5,295936,296448,512,49,0
2,2,55,G3,295936,296448,512,49,0
2,2,58,A#3,295936,296448,512,49,0
2,2,67,G4,295936,296448,512,49,0
2,2,74,D5,295936,296448,512,49,0
1,0,67,G4,296448,296960,512,49,0
1,0,75,D#5,296448,296960,512,49,0
2,2,55,G3,296448,296960,512,49,0
2,2,58,A#3,296448,296960,512,49,0
2,2,67,G4,296448,296960,512,49,0
2,2,75,D#5,296448,296960,512,49,0
1,0,53,F3,296960,299008,2048,49,0
1,0,62,D4,296960,299008,2048,49,0
1,0,70,A#4,296960,297472,512,49,0
1,0,77,F5,296960,298496,1536,49,0
2,2,53,F3,296960,297984,1024,49,0
2,2,62,D4,296960,298496,1536,49,0
2,2,70,A#4,296960,298496,1536,49,0
2,2,77,F5,296960,298496,1536,49,0
1,0,65,F4,297472,297984,512,49,0
1,0,70,A#4,297984,298496,512,49,0
2,2,53,F3,297984,299008,1024,49,0
1,0,65,F4,298496,299008,512,49,0
1,0,74,D5,298496,299008,512,49,0
2,2,58,A#3,298496,299008,512,49,0
2,2,65,F4,298496,299008,512,49,0
2,2,74,D5,298496,299008,512,49,0
1,0,53,F3,299008,301056,2048,49,0
1,0,60,C4,299008,301056,2048,49,0
1,0,63,D#4,299008,301056,2048,49,0
1,0,69,A4,299008,301056,2048,49,0
1,0,77,F5,299008,299520,512,49,0
2,2,53,F3,299008,300032,1024,49,0
2,2,60,C4,299008,300032,1024,49,0
2,2,69,A4,299008,300032,1024,49,0
2,2,77,F5,299008,299520,512,49,0
1,0,76,E5,299520,300032,512,49,0
2,2,76,E5,299520,300032,512,49,0
1,0,75,D#5,300032,300544,512,49,0
2,2,53,F3,300032,300544,512,49,0
2,2,60,C4,300032,300544,512,49,0
2,2,69,A4,300032,300544,512,49,0
2,2,75,D#5,300032,300544,512,49,0
1,0,72,C5,300544,301056,512,49,0
2,2,53,F3,300544,301056,512,49,0
2,2,63,D#4,300544,301056,512,49,0
2,2,69,A4,300544,301056,512,49,0
2,2,72,C5,300544,301056,512,49,0
1,0,46,A#2,301056,301568,512,49,0
1,0,62,D4,301056,303104,2048,49,0
1,0,65,F4,301056,303104,2048,49,0
1,0,70,A#4,301056,303104,2048,49,0
1,0,74,D5,301056,303104,2048,49,0
2,2,58,A#3,301056,303104,2048,49,0
2,2,65,F4,301056,303104,2048,49,0
2,2,70,A#4,301056,303104,2048,49,0
2,2,74,D5,301056,303104,2048,49,0
1,0,50,D3,301568,302080,512,49,0
1,0,53,F3,302080,302592,512,49,0
1,0,58,A#3,302592,303104,512,49,0
1,0,46,A#2,303104,304128,1024,49,0
1,0,53,F3,303104,304128,1024,49,0
1,0,58,A#3,303104,304128,1024,49,0
1,0,62,D4,303104,304128,1024,49,0
1,0,65,F4,303104,304128,1024,49,0
1,0,74,D5,303104,304128,1024,49,0
2,2,58,A#3,303104,304128,1024,49,0
2,2,62,D4,303104,304128,1024,49,0
2,2,65,F4,303104,304128,1024,49,0
2,2,74,D5,303104,304128,1024,49,0
1,0,43,G2,304128,305152,1024,49,0
1,0,55,G3,304128,305152,1024,49,0
1,0,62,D4,304128,304640,512,49,0
1,0,70,A#4,304128,305152,1024,49,0
1,0,74,D5,304128,304640,512,49,0
2,2,55,G3,304128,304640,512,49,0
2,2,62,D4,304128,304640,512,49,0
2,2,70,A#4,304128,304640,512,49,0
2,2,74,D5,304128,304640,512,49,0
1,0,64,E4,304640,305152,512,49,0
1,0,76,E5,304640,305152,512,49,0
2,2,55,G3,304640,305152,512,49,0
2,2,60,C4,304640,305152,512,49,0
2,2,70,A#4,304640,305152,512,49,0
2,2,76,E5,304640,305152,512,49,0
1,0,41,F2,305152,306176,1024,49,0
1,0,53,F3,305152,306176,1024,49,0
1,0,69,A4,305152,306176,1024,49,0
1,0,72,C5,305152,306176,1024,49,0
1,0,77,F5,305152,306688,1536,49,0
2,2,53,F3,305152,306176,1024,49,0
2,2,60,C4,305152,306176,1024,49,0
2,2,69,A4,305152,306176,1024,49,0
2,2,77,F5,305152,306688,1536,49,0
1,0,43,G2,306176,307200,1024,49,0
1,0,55,G3,306176,307200,1024,49,0
1,0,67,G4,306176,307200,1024,49,0
1,0,70,A#4,306176,307200,1024,49,0
2,2,55,G3,306176,307200,1024,49,0
2,2,58,A#3,306176,307200,1024,49,0
2,2,67,G4,306176,307200,1024,49,0
1,0,75,D#5,306688,307200,512,49,0
2,2,75,D#5,306688,307200,512,49,0
1,0,45,A2,307200,309248,2048,49,0
1,0,57,A3,307200,309248,2048,49,0
1,0,65,F4,307200,308224,1024,49,0
1,0,69,A4,307200,308224,1024,49,0
1,0,74,D5,307200,308224,1024,49,0
2,2,57,A3,307200,308224,1024,49,0
2,2,62,D4,307200,308224,1024,49,0
2,2,65,F4,307200,308224,1024,49,0
2,2,74,D5,307200,308224,1024,49,0
1,0,64,E4,308224,309248,1024,49,0
1,0,67,G4,308224,309248,1024,49,0
1,0,74,D5,308224,308480,256,49,0
2,2,57,A3,308224,308992,768,49,0
2,2,64,E4,308224,308736,512,49,0
2,2,67,G4,308224,308736,512,49,0
2,2,74,D5,308224,308480,256,49,0
1,0,73,C#5,308480,308736,256,49,0
2,2,73,C#5,308480,308736,256,49,0
1,0,71,B4,308736,308992,256,49,0
2,2,64,E4,308736,309248,512,49,0
2,2,67,G4,308736,309248,512,49,0
2,2,71,B4,308736,308992,256,49,0
1,0,73,C#5,308992,309248,256,49,0
2,2,57,A3,308992,309248,256,49,0
2,2,73,C#5,308992,309248,256,49,0
1,0,38,D2,309248,309419,171,49,0
1,0,50,D3,309248,309419,171,49,0
1,0,62,D4,309248,309931,683,49,0
1,0,66,F#4,309248,310101,853,49,0
1,0,74,D5,309248,310443,1195,49,0
2,2,50,D3,309248,310272,1024,49,0
2,2,62,D4,309248,311296,2048,49,0
2,2,66,F#4,309248,310784,1536,49,0
2,2,74,D5,309248,310784,1536,49,0
1,0,54,F#3,309419,309589,170,49,0
1,0,57,A3,309589,309760,171,49,0
1,0,62,D4,309760,311296,1536,49,0
1,0,66,F#4,309931,311296,1365,49,0
1,0,69,A4,310101,310272,171,49,0
1,0,74,D5,310272,311296,1024,49,0
1,0,78,F#5,310443,310613,170,49,0
1,0,81,A5,310613,310784,171,49,0
1,0,86,D6,310784,311296,512,49,0
2,2,65,F4,310784,311296,512,49,0
2,2,65,F4,310784,311296,512,49,0
1,0,46,A#2,311296,312320,1024,49,0
1,0,58,A#3,311296,312320,1024,49,0
1,0,70,A#4,311296,312320,1024,49,0
1,0,74,D5,311296,312320,1024,49,0
1,0,77,F5,311296,312320,1024,49,0
2,2,58,A#3,311296,312320,1024,49,0
2,2,62,D4,311296,312320,1024,49,0
2,2,65,F4,311296,312320,1024,49,0
2,2,65,F4,311296,312320,1024,49,0
1,0,46,A#2,312320,313088,768,49,0
1,0,58,A#3,312320,313088,768,49,0
1,0,74,D5,312320,313088,768,49,0
1,0,77,F5,312320,313088,768,49,0
1,0,82,A#5,312320,313088,768,49,0
2,2,58,A#3,312320,313088,768,49,0
2,2,62,D4,312320,313088,768,49,0
2,2,65,F4,312320,313088,768,49,0
2,2,70,A#4,312320,313088,768,49,0
1,0,46,A#2,313088,313344,256,49,0
1,0,58,A#3,313088,313344,256,49,0
1,0,74,D5,313088,313344,256,49,0
1,0,77,F5,313088,313344,256,49,0
1,0,82,A#5,313088,313344,256,49,0
2,2,58,A#3,313088,313344,256,49,0
2,2,62,D4,313088,313344,256,49,0
2,2,65,F4,313088,313344,256,49,0
2,2,70,A#4,313088,313344,256,49,0
1,0,46,A#2,313344,313515,171,49,0
1,0,58,A#3,313344,313515,171,49,0
1,0,74,D5,313344,315221,1877,49,0
1,0,77,F5,313344,315392,2048,49,0
1,0,82,A#5,313344,315392,2048,49,0
2,2,58,A#3,313344,314880,1536,49,0
2,2,62,D4,313344,314880,1536,49,0
2,2,65,F4,313344,314880,1536,49,0
2,2,70,A#4,313344,314880,1536,49,0
1,0,50,D3,313515,313685,170,49,0
1,0,53,F3,313685,313856,171,49,0
1,0,58,A#3,313856,314027,171,49,0
1,0,50,D3,314027,314197,170,49,0
1,0,53,F3,314197,314368,171,49,0
1,0,58,A#3,314368,314539,171,49,0
1,0,62,D4,314539,314709,170,49,0
1,0,65,F4,314709,314880,171,49,0
1,0,70,A#4,314880,315051,171,49,0
1,0,74,D5,315051,315392,341,49,0
1,0,77,F5,315221,315392,171,49,0
1,0,46,A#2,315392,316416,1024,49,0
1,0,58,A#3,315392,316416,1024,49,0
1,0,70,A#4,315392,316416,1024,49,0
1,0,74,D5,315392,316416,1024,49,0
1,0,77,F5,315392,316416,1024,49,0
2,2,58,A#3,315392,316416,1024,49,0
2,2,62,D4,315392,316416,1024,49,0
2,2,65,F4,315392,316416,1024,49,0
2,2,65,F4,315392,316416,1024,49,0
1,0,41,F2,316416,317184,768,49,0
1,0,53,F3,316416,317184,768,49,0
1,0,75,D#5,316416,317184,768,49,0
1,0,77,F5,316416,317184,768,49,0
1,0,84,C6,316416,317184,768,49,0
2,2,53,F3,316416,317184,768,49,0
2,2,63,D#4,316416,317184,768,49,0
2,2,65,F4,316416,317184,768,49,0
2,2,72,C5,316416,317184,768,49,0
1,0,41,F2,317184,317440,256,49,0
1,0,53,F3,317184,317440,256,49,0
1,0,75,D#5,317184,317440,256,49,0
1,0,77,F5,317184,317440,256,49,0
1,0,81,A5,317184,317440,256,49,0
2,2,53,F3,317184,317440,256,49,0
2,2,60,C4,317184,317440,256,49,0
2,2,65,F4,317184,317440,256,49,0
2,2,69,A4,317184,317440,256,49,0
1,0,46,A#2,317440,317611,171,49,0
1,0,58,A#3,317440,317611,171,49,0
1,0,74,D5,317440,319317,1877,49,0
1,0,77,F5,317440,319488,2048,49,0
1,0,82,A#5,317440,319488,2048,49,0
2,2,58,A#3,317440,318976,1536,49,0
2,2,62,D4,317440,318976,1536,49,0
2,2,65,F4,317440,318976,1536,49,0
2,2,70,A#4,317440,318976,1536,49,0
1,0,50,D3,317611,317781,170,49,0
1,0,53,F3,317781,317952,171,49,0
1,0,58,A#3,317952,318123,171,49,0
1,0,50,D3,318123,318293,170,49,0
1,0,53,F3,318293,318464,171,49,0
1,0,58,A#3,318464,318635,171,49,0
1,0,62,D4,318635,318805,170,49,0
1,0,65,F4,318805,318976,171,49,0
1,0,70,A#4,318976,319147,171,49,0
1,0,74,D5,319147,319488,341,49,0
1,0,77,F5,319317,319488,171,49,0
1,0,46,A#2,319488,320512,1024,49,0
1,0,58,A#3,319488,320512,1024,49,0
1,0,70,A#4,319488,320512,1024,49,0
1,0,74,D5,319488,320512,1024,49,0
1,0,77,F5,319488,320512,1024,49,0
2,2,58,A#3,319488,320512,1024,49,0
2,2,62,D4,319488,320512,1024,49,0
2,2,65,F4,319488,320512,1024,49,0
2,2,65,F4,319488,320512,1024,49,0
1,0,46,A#2,320512,321280,768,49,0
1,0,58,A#3,320512,321280,768,49,0
1,0,74,D5,320512,321280,768,49,0
1,0,77,F5,320512,321280,768,49,0
1,0,82,A#5,320512,321280,768,49,0
2,2,58,A#3,320512,321280,768,49,0
2,2,62,D4,320512,321280,768,49,0
2,2,65,F4,320512,321280,768,49,0
2,2,70,A#4,320512,321280,768,49,0
1,0,46,A#2,321280,321536,256,49,0
1,0,58,A#3,321280,321536,256,49,0
1,0,79,G5,321280,321536,256,49,0
1,0,82,A#5,321280,321536,256,49,0
1,0,87,D#6,321280,321536,256,49,0
2,2,58,A#3,321280,321536,256,49,0
2,2,67,G4,321280,321536,256,49,0
2,2,70,A#4,321280,321536,256,49,0
2,2,75,D#5,321280,321536,256,49,0
1,0,46,A#2,321536,322560,1024,49,0
1,0,58,A#3,321536,323328,1792,49,0
1,0,79,G5,321536,322560,1024,49,0
1,0,82,A#5,321536,322560,1024,49,0
1,0,87,D#6,321536,322560,1024,49,0
2,2,58,A#3,321536,324608,3072,49,0
2,2,67,G4,321536,322560,1024,49,0
2,2,70,A#4,321536,322560,1024,49,0
2,2,75,D#5,321536,322560,1024,49,0
1,0,46,A#2,322560,323328,768,49,0
1,0,77,F5,322560,323328,768,49,0
1,0,82,A#5,322560,323328,768,49,0
1,0,86,D6,322560,323328,768,49,0
2,2,65,F4,322560,323072,512,49,0
2,2,70,A#4,322560,323072,512,49,0
2,2,74,D5,322560,323072,512,49,0
1,0,46,A#2,323328,323584,256,49,0
1,0,58,A#3,323328,323584,256,49,0
1,0,75,D#5,323328,323584,256,49,0
1,0,77,F5,323328,323584,256,49,0
1,0,84,C6,323328,323584,256,49,0
2,2,63,D#4,323328,323584,256,49,0
2,2,65,F4,323328,323584,256,49,0
2,2,72,C5,323328,323584,256,49,0
1,0,46,A#2,323584,324608,1024,49,0
1,0,58,A#3,323584,324608,1024,49,0
1,0,74,D5,323584,324608,1024,49,0
1,0,77,F5,323584,324608,1024,49,0
1,0,82,A#5,323584,324608,1024,49,0
2,2,62,D4,323584,324608,1024,49,0
2,2,65,F4,323584,324608,1024,49,0
2,2,70,A#4,323584,324608,1024,49,0
1,0,84,C6,324352,324480,128,49,0
1,0,82,A#5,324480,324608,128,49,0
1,0,43,G2,324608,325376,768,49,0
1,0,55,G3,324608,325376,768,49,0
1,0,76,E5,324608,325376,768,49,0
1,0,81,A5,324608,325376,768,49,0
2,2,55,G3,324608,325376,768,49,0
2,2,58,A#3,324608,325376,768,49,0
2,2,64,E4,324608,325376,768,49,0
2,2,69,A4,324608,325376,768,49,0
1,0,43,G2,325376,325632,256,49,0
1,0,55,G3,325376,325632,256,49,0
1,0,76,E5,325376,325632,256,49,0
1,0,82,A#5,325376,325632,256,49,0
2,2,55,G3,325376,325632,256,49,0
2,2,58,A#3,325376,325632,256,49,0
2,2,64,E4,325376,325632,256,49,0
2,2,70,A#4,325376,325632,256,49,0
1,0,41,F2,325632,325803,171,49,0
1,0,53,F3,325632,325803,171,49,0
1,0,77,F5,325632,327339,1707,49,0
1,0,81,A5,325632,327509,1877,49,0
1,0,84,C6,325632,327680,2048,49,0
2,2,53,F3,325632,327168,1536,49,0
2,2,57,A3,325632,327168,1536,49,0
2,2,65,F4,325632,327168,1536,49,0
2,2,72,C5,325632,327168,1536,49,0
1,0,45,A2,325803,325973,170,49,0
1,0,48,C3,325973,326144,171,49,0
1,0,53,F3,326144,326315,171,49,0
1,0,57,A3,326315,326485,170,49,0
1,0,60,C4,326485,326656,171,49,0
1,0,65,F4,326656,326827,171,49,0
1,0,69,A4,326827,326997,170,49,0
1,0,72,C5,326997,327168,171,49,0
1,0,77,F5,327168,327680,512,49,0
1,0,81,A5,327339,327680,341,49,0
1,0,84,C6,327509,327680,171,49,0
1,0,46,A#2,327680,327851,171,49,0
1,0,58,A#3,327680,327851,171,49,0
1,0,70,A#4,327680,328704,1024,49,0
1,0,74,D5,327680,328704,1024,49,0
1,0,77,F5,327680,328704,1024,49,0
2,2,58,A#3,327680,328704,1024,49,0
2,2,62,D4,327680,328704,1024,49,0
2,2,65,F4,327680,328704,1024,49,0
2,2,65,F4,327680,328704,1024,49,0
1,0,50,D3,327851,328021,170,49,0
1,0,53,F3,328021,328192,171,49,0
1,0,58,A#3,328192,328363,171,49,0
1,0,62,D4,328363,328533,170,49,0
1,0,65,F4,328533,328704,171,49,0
1,0,58,A#3,328704,329728,1024,49,0
1,0,74,D5,328704,329472,768,49,0
1,0,77,F5,328704,329472,768,49,0
1,0,82,A#5,328704,329472,768,49,0
2,2,58,A#3,328704,329472,768,49,0
2,2,62,D4,328704,329472,768,49,0
2,2,65,F4,328704,329472,768,49,0
2,2,70,A#4,328704,329472,768,49,0
1,0,74,D5,329472,329728,256,49,0
1,0,77,F5,329472,329728,256,49,0
1,0,82,A#5,329472,329728,256,49,0
2,2,58,A#3,329472,329728,256,49,0
2,2,62,D4,329472,329728,256,49,0
2,2,65,F4,329472,329728,256,49,0
2,2,70,A#4,329472,329728,256,49,0
1,0,46,A#2,329728,329984,256,49,0
1,0,74,D5,329728,331776,2048,49,0
1,0,77,F5,329728,331776,2048,49,0
1,0,82,A#5,329728,331776,2048,49,0
2,2,58,A#3,329728,331264,1536,49,0
2,2,62,D4,329728,331264,1536,49,0
2,2,65,F4,329728,331264,1536,49,0
2,2,70,A#4,329728,331264,1536,49,0
1,0,50,D3,329984,330240,256,49,0
1,0,53,F3,330240,330496,256,49,0
1,0,58,A#3,330496,330752,256,49,0
1,0,62,D4,330752,331008,256,49,0
1,0,65,F4,331008,331264,256,49,0
1,0,70,A#4,331264,331520,256,49,0
1,0,74,D5,331520,331776,256,49,0
1,0,46,A#2,331776,332800,1024,49,0
1,0,58,A#3,331776,332800,1024,49,0
1,0,70,A#4,331776,332800,1024,49,0
1,0,74,D5,331776,332800,1024,49,0
1,0,77,F5,331776,332800,1024,49,0
2,2,58,A#3,331776,332800,1024,49,0
2,2,62,D4,331776,332800,1024,49,0
2,2,65,F4,331776,332800,1024,49,0
2,2,65,F4,331776,332800,1024,49,0
1,0,41,F2,332800,333568,768,49,0
1,0,53,F3,332800,333568,768,49,0
1,0,75,D#5,332800,333568,768,49,0
1,0,77,F5,332800,333568,768,49,0
1,0,84,C6,332800,333568,768,49,0
2,2,53,F3,332800,333568,768,49,0
2,2,63,D#4,332800,333568,768,49,0
2,2,65,F4,332800,333568,768,49,0
2,2,72,C5,332800,333568,768,49,0
1,0,41,F2,333568,333824,256,49,0
1,0,53,F3,333568,333824,256,49,0
1,0,75,D#5,333568,333824,256,49,0
1,0,77,F5,333568,333824,256,49,0
1,0,81,A5,333568,333824,256,49,0
2,2,53,F3,333568,333824,256,49,0
2,2,60,C4,333568,333824,256,49,0
2,2,65,F4,333568,333824,256,49,0
2,2,69,A4,333568,333824,256,49,0
1,0,46,A#2,333824,333995,171,49,0
1,0,58,A#3,333824,333995,171,49,0
1,0,74,D5,333824,335872,2048,49,0
1,0,77,F5,333824,335872,2048,49,0
1,0,82,A#5,333824,335872,2048,49,0
2,2,58,A#3,333824,335360,1536,49,0
2,2,62,D4,333824,335360,1536,49,0
2,2,65,F4,333824,335360,1536,49,0
2,2,70,A#4,333824,335360,1536,49,0
1,0,46,A#2,333995,334165,170,49,0
1,0,50,D3,334165,334336,171,49,0
1,0,53,F3,334336,334507,171,49,0
1,0,58,A#3,334507,334677,170,49,0
1,0,62,D4,334677,334848,171,49,0
1,0,53,F3,334848,335019,171,49,0
1,0,58,A#3,335019,335189,170,49,0
1,0,62,D4,335189,335360,171,49,0
1,0,65,F4,335360,335531,171,49,0
1,0,62,D4,335531,335701,170,49,0
1,0,58,A#3,335701,335872,171,49,0
1,0,46,A#2,335872,337920,2048,49,0
1,0,58,A#3,335872,337920,2048,49,0
1,0,70,A#4,335872,336896,1024,49,0
1,0,74,D5,335872,336896,1024,49,0
1,0,77,F5,335872,336896,1024,49,0
2,2,58,A#3,335872,336896,1024,49,0
2,2,62,D4,335872,336896,1024,49,0
2,2,65,F4,335872,336896,1024,49,0
2,2,65,F4,335872,336896,1024,49,0
1,0,74,D5,336896,337664,768,49,0
1,0,77,F5,336896,337664,768,49,0
1,0,82,A#5,336896,337664,768,49,0
2,2,58,A#3,336896,337664,768,49,0
2,2,62,D4,336896,337664,768,49,0
2,2,65,F4,336896,337664,768,49,0
2,2,70,A#4,336896,337664,768,49,0
1,0,77,F5,337664,337920,256,49,0
1,0,82,A#5,337664,337920,256,49,0
1,0,86,D6,337664,337920,256,49,0
2,2,58,A#3,337664,337920,256,49,0
2,2,62,D4,337664,337920,256,49,0
2,2,65,F4,337664,337920,256,49,0
2,2,74,D5,337664,337920,256,49,0
1,0,38,D2,337920,338944,1024,49,0
1,0,50,D3,337920,338944,1024,49,0
1,0,81,A5,337920,338944,1024,49,0
1,0,86,D6,337920,338944,1024,49,0
1,0,89,F6,337920,338944,1024,49,0
2,2,50,D3,337920,338944,1024,49,0
2,2,62,D4,337920,338944,1024,49,0
2,2,69,A4,337920,338944,1024,49,0
2,2,77,F5,337920,338944,1024,49,0
1,0,43,G2,338944,339968,1024,49,0
1,0,55,G3,338944,339968,1024,49,0
1,0,79,G5,338944,339712,768,49,0
1,0,82,A#5,338944,339712,768,49,0
1,0,86,D6,338944,339712,768,49,0
2,2,55,G3,338944,339712,768,49,0
2,2,58,A#3,338944,339712,768,49,0
2,2,67,G4,338944,339712,768,49,0
2,2,74,D5,338944,339712,768,49,0
1,0,79,G5,339712,339968,256,49,0
1,0,82,A#5,339712,339968,256,49,0
2,2,55,G3,339712,339968,256,49,0
2,2,62,D4,339712,339968,256,49,0
2,2,67,G4,339712,339968,256,49,0
2,2,70,A#4,339712,339968,256,49,0
1,0,39,D#2,339968,340139,171,49,0
1,0,51,D#3,339968,340139,171,49,0
1,0,79,G5,339968,341675,1707,49,0
1,0,82,A#5,339968,342016,2048,49,0
1,0,84,C6,339968,342016,2048,49,0
1,0,91,G6,339968,342016,2048,49,0
2,2,51,D#3,339968,342016,2048,49,0
2,2,60,C4,339968,343040,3072,49,0
2,2,63,D#4,339968,343040,3072,49,0
2,2,70,A#4,339968,342016,2048,49,0
2,2,79,G5,339968,342016,2048,49,0
1,0,43,G2,340139,340309,170,49,0
1,0,48,C3,340309,340480,171,49,0
1,0,55,G3,340480,340651,171,49,0
1,0,58,A#3,340651,340821,170,49,0
1,0,60,C4,340821,340992,171,49,0
1,0,67,G4,340992,341163,171,49,0
1,0,70,A#4,341163,341333,170,49,0
1,0,72,C5,341333,341504,171,49,0
1,0,79,G5,341504,342016,512,49,0
1,0,81,A5,341675,341845,170,49,0
1,0,84,C6,341845,342016,171,49,0
1,0,53,F3,342016,342528,512,49,0
1,0,60,C4,342016,342528,512,49,0
1,0,63,D#4,342016,342528,512,49,0
1,0,77,F5,342016,342528,512,49,0
1,0,81,A5,342016,342528,512,49,0
1,0,89,F6,342016,342528,512,49,0
2,2,53,F3,342016,343040,1024,49,0
2,2,69,A4,342016,343040,1024,49,0
2,2,77,F5,342016,342528,512,49,0
2,2,75,D#5,342528,343040,512,49,0
2,2,53,F3,343040,344064,1024,49,0
2,2,57,A3,343040,343808,768,49,0
2,2,63,D#4,343040,343808,768,49,0
2,2,65,F4,343040,343808,768,49,0
2,2,74,D5,343040,343808,768,49,0
2,2,57,A3,343808,344064,256,49,0
2,2,63,D#4,343808,344064,256,49,0
2,2,65,F4,343808,344064,256,49,0
2,2,72,C5,343808,344064,256,49,0
1,0,50,D3,344064,344235,171,49,0
1,0,62,D4,344064,344747,683,49,0
1,0,65,F4,344064,344917,853,49,0
1,0,70,A#4,344064,345088,1024,49,0
2,2,58,A#3,344064,345600,1536,49,0
2,2,58,A#3,344064,345600,1536,49,0
2,2,62,D4,344064,345600,1536,49,0
2,2,65,F4,344064,345600,1536,49,0
2,2,70,A#4,344064,345600,1536,49,0
1,0,53,F3,344235,344405,170,49,0
1,0,58,A#3,344405,344576,171,49,0
1,0,62,D4,344576,345771,1195,49,0
1,0,65,F4,344747,345600,853,49,0
1,0,70,A#4,344917,345429,512,49,0
1,0,74,D5,345088,345259,171,49,0
1,0,70,A#4,345259,346112,853,49,0
1,0,65,F4,345429,346112,683,49,0
1,0,62,D4,345600,346112,512,49,0
1,0,58,A#3,345771,345941,170,49,0
1,0,53,F3,345941,346112,171,49,0
1,0,46,A#2,346112,348160,2048,49,0
1,0,77,F5,346112,346283,171,49,0
1,0,74,D5,346283,346453,170,49,0
1,0,70,A#4,346453,346624,171,49,0
1,0,65,F4,346624,346795,171,49,0
1,0,62,D4,346795,346965,170,49,0
1,0,58,A#3,346965,347136,171,49,0
1,0,82,A#5,347136,347307,171,49,0
1,0,77,F5,347307,347477,170,49,0
1,0,74,D5,347477,347648,171,49,0
1,0,70,A#4,347648,347819,171,49,0
1,0,65,F4,347819,347989,170,49,0
2,2,58,A#3,347904,348160,256,49,0
2,2,65,F4,347904,348160,256,49,0
2,2,70,A#4,347904,348160,256,49,0
2,2,74,D5,347904,348160,256,49,0
1,0,62,D4,347989,348160,171,49,0
1,0,77,F5,348160,349696,1536,49,0
1,0,82,A#5,348160,349696,1536,49,0
1,0,86,D6,348160,349696,1536,49,0
2,2,58,A#3,348160,350208,2048,49,0
2,2,65,F4,348160,350208,2048,49,0
2,2,70,A#4,348160,350208,2048,49,0
2,2,74,D5,348160,350208,2048,49,0
2,2,77,F5,350080,350208,128,49,0
2,2,58,A#3,350208,351232,1024,49,0
2,2,67,G4,350208,351744,1536,49,0
2,2,70,A#4,350208,351744,1536,49,0
2,2,75,D#5,350208,351744,1536,49,0
2,2,65,F4,351744,352256,512,49,0
2,2,70,A#4,351744,352256,512,49,0
2,2,74,D5,351744,352256,512,49,0
2,2,70,A#4,352256,356352,4096,49,0
2,2,74,D5,352256,356352,4096,49,0
2,2,77,F5,352256,356352,4096,49,0
