# ticks_per_quarter,384
# meta,0,0,meta_03,control track
# meta,0,0,meta_01,creator: 
# meta,0,0,meta_01,GNU LilyPond 2.16.1           
# meta,0,0,time_signature,2/4
# meta,0,0,tempo,500000
# meta,1,0,meta_03,up:One
# meta,1,0,meta_04,harpsichord
# meta,2,0,meta_03,down:
# meta,2,0,meta_04,harpsichord
track,channel,pitch,note,start_tick,end_tick,duration_ticks,velocity,release_velocity
1,0,62,D4,0,192,192,90,0
1,0,67,G4,192,480,288,90,0
2,1,55,G3,192,576,384,90,0
2,1,59,B3,192,576,384,90,0
1,0,69,A4,480,576,96,90,0
1,0,71,B4,576,864,288,90,0
1,0,72,C5,864,960,96,90,0
1,0,74,D5,960,1152,192,90,0
1,0,74,D5,1152,1344,192,90,0
2,1,67,G4,1152,1344,192,90,0
2,1,71,B4,1152,1344,192,90,0
1,0,74,D5,1344,1536,192,90,0
2,1,66,F#4,1344,1536,192,90,0
2,1,69,A4,1344,1536,192,90,0
1,0,74,D5,1536,1728,192,90,0
2,1,69,A4,1536,1728,192,90,0
2,1,72,C5,1536,1728,192,90,0
1,0,74,D5,1728,1920,192,90,0
2,1,67,G4,1728,2112,384,90,0
2,1,71,B4,1728,2112,384,90,0
1,0,76,E5,1920,2016,96,90,0
1,0,78,F#5,2016,2112,96,90,0
1,0,81,A5,2112,2208,96,90,0
1,0,79,G5,2208,2304,96,90,0
1,0,78,F#5,2304,2400,96,90,0
1,0,76,E5,2400,2496,96,90,0
1,0,74,D5,2496,2688,192,90,0
1,0,74,D5,2688,2880,192,90,0
2,1,67,G4,2688,2880,192,90,0
2,1,71,B4,2688,2880,192,90,0
1,0,74,D5,2880,3072,192,90,0
2,1,66,F#4,2880,3072,192,90,0
2,1,69,A4,2880,3072,192,90,0
1,0,74,D5,3072,3264,192,90,0
2,1,69,A4,3072,3264,192,90,0
2,1,72,C5,3072,3264,192,90,0
1,0,74,D5,3264,3456,192,90,0
2,1,67,G4,3264,3648,384,90,0
2,1,71,B4,3264,3648,384,90,0
1,0,76,E5,3456,3552,96,90,0
1,0,78,F#5,3552,3648,96,90,0
1,0,81,A5,3648,3744,96,90,0
1,0,79,G5,3744,3840,96,90,0
1,0,78,F#5,3840,3936,96,90,0
2,1,67,G4,3840,4032,192,90,0
2,1,72,C5,3840,4032,192,90,0
1,0,76,E5,3936,4032,96,90,0
1,0,74,D5,4032,4224,192,90,0
2,1,67,G4,4032,4416,384,90,0
2,1,71,B4,4032,4416,384,90,0
1,0,79,G5,4224,4320,96,90,0
1,0,83,B5,4320,4416,96,90,0
1,0,81,A5,4416,4512,96,90,0
1,0,79,G5,4512,4608,96,90,0
1,0,78,F#5,4608,4704,96,90,0
1,0,76,E5,4704,4800,96,90,0
1,0,74,D5,4800,5184,384,90,0
2,1,71,B4,4992,5184,192,90,0
1,0,72,C5,5184,5568,384,90,0
2,1,69,A4,5184,5376,192,90,0
2,1,62,D4,5376,5568,192,90,0
1,0,74,D5,5568,5952,384,90,0
2,1,67,G4,5568,5760,192,90,0
2,1,62,D4,5760,5952,192,90,0
2,1,55,G3,5952,6144,192,90,0
1,0,67,G4,6144,6336,192,90,0
2,1,43,G2,6144,6336,192,90,0
2,1,55,G3,6144,6336,192,90,0
1,0,66,F#4,6336,6528,192,90,0
2,1,42,F#2,6336,6528,192,90,0
2,1,54,F#3,6336,6528,192,90,0
1,0,64,E4,6528,6720,192,90,0
2,1,40,E2,6528,6720,192,90,0
2,1,52,E3,6528,6720,192,90,0
1,0,62,D4,6720,6912,192,90,0
2,1,38,D2,6720,6912,192,90,0
2,1,50,D3,6720,6912,192,90,0
1,0,60,C4,6912,7104,192,90,0
2,1,36,C2,6912,7104,192,90,0
2,1,48,C3,6912,7104,192,90,0
1,0,59,B3,7104,7488,384,90,0
2,1,35,B1,7104,7488,384,90,0
2,1,47,B2,7104,7488,384,90,0
1,0,64,E4,7680,7744,64,90,0
2,1,52,E3,7680,7744,64,90,0
1,0,66,F#4,7744,7808,64,90,0
2,1,54,F#3,7744,7808,64,90,0
1,0,64,E4,7808,7872,64,90,0
2,1,52,E3,7808,7872,64,90,0
1,0,62,D4,7872,8064,192,90,0
2,1,50,D3,7872,8064,192,90,0
1,0,60,C4,8064,8128,64,90,0
2,1,48,C3,8064,8128,64,90,0
1,0,62,D4,8128,8192,64,90,0
2,1,50,D3,8128,8192,64,90,0
1,0,60,C4,8192,8256,64,90,0
2,1,48,C3,8192,8256,64,90,0
1,0,59,B3,8256,8448,192,90,0
2,1,47,B2,8256,8448,192,90,0
1,0,57,A3,8448,8512,64,90,0
2,1,45,A2,8448,8512,64,90,0
1,0,59,B3,8512,8576,64,90,0
2,1,47,B2,8512,8576,64,90,0
1,0,57,A3,8576,8640,64,90,0
2,1,45,A2,8576,8640,64,90,0
1,0,55,G3,8640,9024,384,90,0
2,1,43,G2,8640,9024,384,90,0
1,0,62,D4,9216,9408,192,90,0
1,0,67,G4,9408,9504,96,90,0
2,1,55,G3,9408,9792,384,90,0
2,1,59,B3,9408,9792,384,90,0
1,0,66,F#4,9504,9600,96,90,0
1,0,69,A4,9600,9696,96,90,0
1,0,67,G4,9696,9792,96,90,0
1,0,71,B4,9792,9888,96,90,0
1,0,69,A4,9888,9984,96,90,0
1,0,72,C5,9984,10080,96,90,0
1,0,71,B4,10080,10176,96,90,0
1,0,74,D5,10176,10368,192,90,0
1,0,74,D5,10368,10560,192,90,0
2,1,67,G4,10368,10560,192,90,0
2,1,71,B4,10368,10560,192,90,0
1,0,74,D5,10560,10752,192,90,0
2,1,66,F#4,10560,10752,192,90,0
2,1,69,A4,10560,10752,192,90,0
1,0,74,D5,10752,10944,192,90,0
2,1,69,A4,10752,10944,192,90,0
2,1,72,C5,10752,10944,192,90,0
1,0,74,D5,10944,11136,192,90,0
2,1,67,G4,10944,11328,384,90,0
2,1,71,B4,10944,11328,384,90,0
1,0,76,E5,11136,11232,96,90,0
1,0,78,F#5,11232,11328,96,90,0
1,0,81,A5,11328,11424,96,90,0
1,0,79,G5,11424,11520,96,90,0
1,0,78,F#5,11520,11616,96,90,0
1,0,76,E5,11616,11712,96,90,0
1,0,74,D5,11712,11904,192,90,0
1,0,74,D5,11904,12096,192,90,0
2,1,67,G4,11904,12096,192,90,0
2,1,71,B4,11904,12096,192,90,0
1,0,74,D5,12096,12288,192,90,0
2,1,66,F#4,12096,12288,192,90,0
2,1,69,A4,12096,12288,192,90,0
1,0,74,D5,12288,12480,192,90,0
2,1,69,A4,12288,12480,192,90,0
2,1,72,C5,12288,12480,192,90,0
1,0,74,D5,12480,12672,192,90,0
2,1,67,G4,12480,13440,960,90,0
2,1,71,B4,12480,13440,960,90,0
1,0,79,G5,12672,12864,192,90,0
1,0,77,F5,12864,13056,192,90,0
1,0,74,D5,13056,13248,192,90,0
1,0,75,D#5,13248,13632,384,90,0
2,1,67,G4,13440,13632,192,90,0
2,1,72,C5,13440,13632,192,90,0
1,0,76,E5,13632,14208,576,90,0
2,1,67,G4,13632,13824,192,90,0
2,1,72,C5,13632,13824,192,90,0
2,1,67,G4,13824,14016,192,90,0
2,1,72,C5,13824,14016,192,90,0
2,1,67,G4,14016,14400,384,90,0
2,1,72,C5,14016,14400,384,90,0
1,0,79,G5,14208,14400,192,90,0
1,0,76,E5,14400,14592,192,90,0
1,0,72,C5,14592,14784,192,90,0
1,0,73,C#5,14784,15168,384,90,0
2,1,67,G4,14976,15168,192,90,0
2,1,71,B4,14976,15168,192,90,0
1,0,74,D5,15168,15744,576,90,0
2,1,67,G4,15168,15360,192,90,0
2,1,71,B4,15168,15360,192,90,0
2,1,67,G4,15360,15552,192,90,0
2,1,71,B4,15360,15552,192,90,0
2,1,67,G4,15552,15936,384,90,0
2,1,71,B4,15552,15936,384,90,0
1,0,83,B5,15744,15936,192,90,0
1,0,81,A5,15936,15984,48,90,0
1,0,79,G5,15984,16128,144,90,0
1,0,78,F#5,16128,16176,48,90,0
1,0,76,E5,16176,16320,144,90,0
1,0,74,D5,16320,16704,384,90,0
2,1,69,A4,16512,16704,192,90,0
1,0,72,C5,16704,16896,192,90,0
2,1,66,F#4,16704,16896,192,90,0
1,0,71,B4,16896,17088,192,90,0
2,1,67,G4,16896,17088,192,90,0
1,0,71,B4,17088,17184,96,90,0
2,1,60,C4,17088,17664,576,90,0
1,0,72,C5,17184,17280,96,90,0
1,0,75,D#5,17280,17376,96,90,0
1,0,76,E5,17376,17472,96,90,0
1,0,74,D5,17472,17568,96,90,0
1,0,72,C5,17568,17664,96,90,0
1,0,71,B4,17664,17760,96,90,0
2,1,61,C#4,17664,17856,192,90,0
1,0,69,A4,17760,17856,96,90,0
1,0,67,G4,17856,18240,384,90,0
2,1,62,D4,17856,18048,192,90,0
2,1,57,A3,18048,18240,192,90,0
1,0,66,F#4,18240,18432,192,90,0
2,1,50,D3,18240,18432,192,90,0
1,0,69,A4,18432,18624,192,90,0
1,0,74,D5,18624,19008,384,90,0
2,1,50,D3,18624,18720,96,90,0
2,1,57,A3,18720,18816,96,90,0
2,1,54,F#3,18816,18912,96,90,0
2,1,57,A3,18912,19008,96,90,0
1,0,79,G5,19008,19104,96,90,0
2,1,50,D3,19008,19104,96,90,0
1,0,78,F#5,19104,19200,96,90,0
2,1,57,A3,19104,19200,96,90,0
1,0,76,E5,19200,19296,96,90,0
2,1,54,F#3,19200,19296,96,90,0
1,0,74,D5,19296,19392,96,90,0
2,1,57,A3,19296,19392,96,90,0
1,0,74,D5,19392,19584,192,90,0
2,1,52,E3,19392,19488,96,90,0
2,1,57,A3,19488,19584,96,90,0
1,0,73,C#5,19584,19776,192,90,0
2,1,55,G3,19584,19680,96,90,0
2,1,57,A3,19680,19776,96,90,0
2,1,52,E3,19776,19872,96,90,0
2,1,57,A3,19872,19968,96,90,0
1,0,69,A4,19968,20160,192,90,0
2,1,55,G3,19968,20064,96,90,0
2,1,57,A3,20064,20160,96,90,0
1,0,76,E5,20160,20544,384,90,0
2,1,49,C#3,20160,20256,96,90,0
2,1,57,A3,20256,20352,96,90,0
2,1,52,E3,20352,20448,96,90,0
2,1,57,A3,20448,20544,96,90,0
1,0,81,A5,20544,20640,96,90,0
2,1,49,C#3,20544,20640,96,90,0
1,0,79,G5,20640,20736,96,90,0
2,1,57,A3,20640,20736,96,90,0
1,0,78,F#5,20736,20832,96,90,0
2,1,52,E3,20736,20832,96,90,0
1,0,76,E5,20832,20928,96,90,0
2,1,57,A3,20832,20928,96,90,0
1,0,76,E5,20928,21120,192,90,0
2,1,50,D3,20928,21024,96,90,0
2,1,57,A3,21024,21120,96,90,0
1,0,78,F#5,21120,21312,192,90,0
2,1,54,F#3,21120,21216,96,90,0
2,1,57,A3,21216,21312,96,90,0
2,1,50,D3,21312,21408,96,90,0
2,1,57,A3,21408,21504,96,90,0
1,0,69,A4,21504,21696,192,90,0
2,1,54,F#3,21504,21600,96,90,0
2,1,57,A3,21600,21696,96,90,0
1,0,69,A4,21696,21792,96,90,0
2,1,54,F#3,21696,22080,384,90,0
1,0,81,A5,21792,21888,96,90,0
1,0,79,G5,21888,21984,96,90,0
1,0,78,F#5,21984,22080,96,90,0
1,0,76,E5,22080,22176,96,90,0
1,0,74,D5,22176,22272,96,90,0
1,0,73,C#5,22272,22368,96,90,0
1,0,74,D5,22368,22464,96,90,0
1,0,71,B4,22464,22656,192,90,0
2,1,55,G3,22464,22560,96,90,0
2,1,67,G4,22560,22656,96,90,0
1,0,75,D#5,22656,22848,192,90,0
2,1,54,F#3,22656,22752,96,90,0
2,1,66,F#4,22752,22848,96,90,0
1,0,76,E5,22848,23040,192,90,0
2,1,52,E3,22848,22944,96,90,0
2,1,64,E4,22944,23040,96,90,0
1,0,78,F#5,23040,23232,192,90,0
2,1,51,D#3,23040,23136,96,90,0
2,1,63,D#4,23136,23232,96,90,0
2,1,52,E3,23232,23616,384,90,0
1,0,79,G5,23328,23424,96,90,0
1,0,78,F#5,23424,23520,96,90,0
1,0,76,E5,23520,23616,96,90,0
1,0,74,D5,23616,23712,96,90,0
1,0,73,C#5,23712,23808,96,90,0
1,0,71,B4,23808,23904,96,90,0
1,0,73,C#5,23904,24000,96,90,0
1,0,69,A4,24000,24192,192,90,0
2,1,54,F#3,24000,24096,96,90,0
2,1,66,F#4,24096,24192,96,90,0
1,0,73,C#5,24192,24384,192,90,0
2,1,52,E3,24192,24288,96,90,0
2,1,64,E4,24288,24384,96,90,0
1,0,74,D5,24384,24576,192,90,0
2,1,50,D3,24384,24480,96,90,0
2,1,62,D4,24480,24576,96,90,0
1,0,76,E5,24576,24768,192,90,0
2,1,49,C#3,24576,24672,96,90,0
2,1,61,C#4,24672,24768,96,90,0
2,1,50,D3,24768,25152,384,90,0
1,0,78,F#5,24864,24960,96,90,0
1,0,76,E5,24960,25056,96,90,0
1,0,74,D5,25056,25152,96,90,0
1,0,73,C#5,25152,25248,96,90,0
1,0,71,B4,25248,25344,96,90,0
1,0,69,A4,25344,25440,96,90,0
1,0,71,B4,25440,25536,96,90,0
1,0,67,G4,25536,25728,192,90,0
2,1,52,E3,25536,25632,96,90,0
2,1,64,E4,25632,25728,96,90,0
1,0,71,B4,25728,25920,192,90,0
2,1,50,D3,25728,25824,96,90,0
2,1,62,D4,25824,25920,96,90,0
1,0,73,C#5,25920,26112,192,90,0
2,1,49,C#3,25920,26016,96,90,0
2,1,61,C#4,26016,26112,96,90,0
1,0,74,D5,26112,26304,192,90,0
2,1,47,B2,26112,26208,96,90,0
2,1,59,B3,26208,26304,96,90,0
2,1,45,A2,26304,26688,384,90,0
1,0,76,E5,26400,26496,96,90,0
1,0,74,D5,26496,26592,96,90,0
1,0,73,C#5,26592,26688,96,90,0
1,0,71,B4,26688,26784,96,90,0
1,0,69,A4,26784,26880,96,90,0
1,0,71,B4,26880,26976,96,90,0
2,1,49,C#3,26880,27072,192,90,0
1,0,67,G4,26976,27072,96,90,0
1,0,66,F#4,27072,27264,192,90,0
2,1,50,D3,27072,27168,96,90,0
2,1,57,A3,27168,27264,96,90,0
1,0,74,D5,27264,27456,192,90,0
2,1,54,F#3,27264,27360,96,90,0
2,1,57,A3,27360,27456,96,90,0
1,0,73,C#5,27456,27648,192,90,0
2,1,52,E3,27456,27552,96,90,0
2,1,57,A3,27552,27648,96,90,0
1,0,81,A5,27648,27840,192,90,0
2,1,55,G3,27648,27744,96,90,0
2,1,57,A3,27744,27840,96,90,0
1,0,78,F#5,27840,28032,192,90,0
2,1,50,D3,27840,27936,96,90,0
2,1,57,A3,27936,28032,96,90,0
1,0,74,D5,28032,28224,192,90,0
2,1,54,F#3,28032,28128,96,90,0
2,1,57,A3,28128,28224,96,90,0
1,0,73,C#5,28224,28416,192,90,0
2,1,52,E3,28224,28320,96,90,0
2,1,57,A3,28320,28416,96,90,0
1,0,67,G4,28416,28608,192,90,0
2,1,55,G3,28416,28512,96,90,0
2,1,57,A3,28512,28608,96,90,0
1,0,66,F#4,28608,28800,192,90,0
2,1,50,D3,28608,28704,96,90,0
2,1,57,A3,28704,28800,96,90,0
1,0,74,D5,28800,28992,192,90,0
2,1,54,F#3,28800,28896,96,90,0
2,1,57,A3,28896,28992,96,90,0
1,0,73,C#5,28992,29184,192,90,0
2,1,52,E3,28992,29088,96,90,0
2,1,57,A3,29088,29184,96,90,0
1,0,81,A5,29184,29376,192,90,0
2,1,55,G3,29184,29280,96,90,0
2,1,57,A3,29280,29376,96,90,0
1,0,78,F#5,29376,29568,192,90,0
2,1,50,D3,29376,29472,96,90,0
2,1,57,A3,29472,29568,96,90,0
1,0,74,D5,29568,29760,192,90,0
2,1,54,F#3,29568,29664,96,90,0
2,1,57,A3,29664,29760,96,90,0
1,0,73,C#5,29760,29952,192,90,0
2,1,52,E3,29760,29856,96,90,0
2,1,57,A3,29856,29952,96,90,0
1,0,67,G4,29952,30144,192,90,0
2,1,55,G3,29952,30048,96,90,0
2,1,57,A3,30048,30144,96,90,0
1,0,66,F#4,30144,30336,192,90,0
2,1,50,D3,30144,30240,96,90,0
2,1,57,A3,30240,30336,96,90,0
1,0,74,D5,30336,30528,192,90,0
2,1,54,F#3,30336,30432,96,90,0
2,1,57,A3,30432,30528,96,90,0
1,0,72,C5,30528,30720,192,90,0
2,1,54,F#3,30528,30624,96,90,0
2,1,62,D4,30624,30720,96,90,0
1,0,69,A4,30720,30912,192,90,0
2,1,57,A3,30720,30816,96,90,0
2,1,62,D4,30816,30912,96,90,0
1,0,70,A#4,30912,31296,384,90,0
2,1,55,G3,30912,31008,96,90,0
2,1,62,D4,31008,31104,96,90,0
2,1,59,B3,31104,31200,96,90,0
2,1,62,D4,31200,31296,96,90,0
1,0,71,B4,31296,31488,192,90,0
2,1,55,G3,31296,31488,192,90,0
1,0,83,B5,31488,31584,96,90,0
1,0,79,G5,31584,31680,96,90,0
1,0,81,A5,31680,31776,96,90,0
1,0,78,F#5,31776,31872,96,90,0
1,0,79,G5,31872,31968,96,90,0
1,0,76,E5,31968,32064,96,90,0
1,0,78,F#5,32064,32160,96,90,0
1,0,74,D5,32160,32256,96,90,0
1,0,76,E5,32256,32352,96,90,0
2,1,57,A3,32256,32448,192,90,0
1,0,73,C#5,32352,32448,96,90,0
1,0,74,D5,32448,32640,192,90,0
2,1,59,B3,32448,32544,96,90,0
2,1,68,G#4,32544,32640,96,90,0
1,0,86,D6,32640,32832,192,90,0
2,1,62,D4,32640,32736,96,90,0
2,1,68,G#4,32736,32832,96,90,0
1,0,86,D6,32832,33024,192,90,0
2,1,59,B3,32832,32928,96,90,0
2,1,68,G#4,32928,33024,96,90,0
1,0,86,D6,33024,33216,192,90,0
2,1,62,D4,33024,33120,96,90,0
2,1,68,G#4,33120,33216,96,90,0
1,0,85,C#6,33216,33408,192,90,0
2,1,57,A3,33216,33312,96,90,0
2,1,69,A4,33312,33408,96,90,0
1,0,79,G5,33408,33600,192,90,0
2,1,61,C#4,33408,33504,96,90,0
2,1,69,A4,33504,33600,96,90,0
1,0,79,G5,33600,33792,192,90,0
2,1,57,A3,33600,33696,96,90,0
2,1,69,A4,33696,33792,96,90,0
1,0,79,G5,33792,33984,192,90,0
2,1,61,C#4,33792,33888,96,90,0
2,1,69,A4,33888,33984,96,90,0
1,0,78,F#5,33984,34176,192,90,0
2,1,62,D4,33984,34080,96,90,0
2,1,69,A4,34080,34176,96,90,0
1,0,72,C5,34176,34368,192,90,0
2,1,66,F#4,34176,34272,96,90,0
2,1,69,A4,34272,34368,96,90,0
1,0,72,C5,34368,34560,192,90,0
2,1,62,D4,34368,34464,96,90,0
2,1,69,A4,34464,34560,96,90,0
1,0,72,C5,34560,34752,192,90,0
2,1,66,F#4,34560,34656,96,90,0
2,1,69,A4,34656,34752,96,90,0
1,0,71,B4,34752,34944,192,90,0
2,1,67,G4,34752,35136,384,90,0
1,0,82,A#5,34944,35040,96,90,0
1,0,83,B5,35040,35136,96,90,0
1,0,81,A5,35136,35232,96,90,0
1,0,79,G5,35232,35328,96,90,0
1,0,78,F#5,35328,35424,96,90,0
1,0,76,E5,35424,35520,96,90,0
1,0,74,D5,35520,35904,384,90,0
2,1,54,F#3,35712,35904,192,90,0
1,0,76,E5,35904,36288,384,90,0
2,1,55,G3,35904,36096,192,90,0
2,1,57,A3,36096,36288,192,90,0
1,0,74,D5,36288,36480,192,90,0
2,1,59,B3,36288,36384,96,90,0
2,1,68,G#4,36384,36480,96,90,0
1,0,86,D6,36480,36672,192,90,0
2,1,62,D4,36480,36576,96,90,0
2,1,68,G#4,36576,36672,96,90,0
1,0,86,D6,36672,36864,192,90,0
2,1,59,B3,36672,36768,96,90,0
2,1,68,G#4,36768,36864,96,90,0
1,0,86,D6,36864,37056,192,90,0
2,1,62,D4,36864,36960,96,90,0
2,1,68,G#4,36960,37056,96,90,0
1,0,85,C#6,37056,37248,192,90,0
2,1,57,A3,37056,37152,96,90,0
2,1,69,A4,37152,37248,96,90,0
1,0,79,G5,37248,37440,192,90,0
2,1,61,C#4,37248,37344,96,90,0
2,1,69,A4,37344,37440,96,90,0
1,0,79,G5,37440,37632,192,90,0
2,1,57,A3,37440,37536,96,90,0
2,1,69,A4,37536,37632,96,90,0
1,0,79,G5,37632,37824,192,90,0
2,1,61,C#4,37632,37728,96,90,0
2,1,69,A4,37728,37824,96,90,0
1,0,78,F#5,37824,38016,192,90,0
2,1,62,D4,37824,37920,96,90,0
2,1,69,A4,37920,38016,96,90,0
1,0,72,C5,38016,38208,192,90,0
2,1,66,F#4,38016,38112,96,90,0
2,1,69,A4,38112,38208,96,90,0
1,0,72,C5,38208,38400,192,90,0
2,1,62,D4,38208,38304,96,90,0
2,1,69,A4,38304,38400,96,90,0
1,0,72,C5,38400,38592,192,90,0
2,1,66,F#4,38400,38496,96,90,0
2,1,69,A4,38496,38592,96,90,0
1,0,71,B4,38592,38784,192,90,0
2,1,67,G4,38592,38976,384,90,0
1,0,82,A#5,38784,38880,96,90,0
1,0,83,B5,38880,38976,96,90,0
1,0,81,A5,38976,39072,96,90,0
1,0,79,G5,39072,39168,96,90,0
1,0,78,F#5,39168,39264,96,90,0
1,0,76,E5,39264,39360,96,90,0
1,0,74,D5,39360,39744,384,90,0
2,1,54,F#3,39552,39744,192,90,0
1,0,76,E5,39744,40128,384,90,0
2,1,55,G3,39744,39936,192,90,0
2,1,57,A3,39936,40128,192,90,0
1,0,78,F#5,40128,40224,96,90,0
2,1,50,D3,40128,40320,192,90,0
1,0,74,D5,40224,40320,96,90,0
1,0,86,D6,40320,40416,96,90,0
2,1,54,F#3,40320,40512,192,90,0
1,0,81,A5,40416,40512,96,90,0
1,0,83,B5,40512,40608,96,90,0
2,1,55,G3,40512,40896,384,90,0
1,0,78,F#5,40608,40704,96,90,0
1,0,79,G5,40704,40800,96,90,0
1,0,76,E5,40800,40896,96,90,0
1,0,74,D5,40896,41280,384,90,0
2,1,54,F#3,41088,41280,192,90,0
1,0,76,E5,41280,41664,384,90,0
2,1,55,G3,41280,41472,192,90,0
2,1,57,A3,41472,41664,192,90,0
1,0,74,D5,41664,41856,192,90,0
2,1,50,D3,41664,41760,96,90,0
2,1,62,D4,41760,41856,96,90,0
2,1,50,D3,41856,41952,96,90,0
2,1,62,D4,41952,42048,96,90,0
1,0,73,C#5,42048,42240,192,90,0
1,0,79,G5,42048,42240,192,90,0
2,1,50,D3,42048,42144,96,90,0
2,1,62,D4,42144,42240,96,90,0
2,1,50,D3,42240,42336,96,90,0
2,1,62,D4,42336,42432,96,90,0
1,0,74,D5,42432,42624,192,90,0
1,0,78,F#5,42432,42624,192,90,0
2,1,50,D3,42432,42528,96,90,0
2,1,62,D4,42528,42624,96,90,0
2,1,50,D3,42624,42720,96,90,0
2,1,62,D4,42720,42816,96,90,0
1,0,67,G4,42816,43008,192,90,0
1,0,73,C#5,42816,43008,192,90,0
2,1,50,D3,42816,42912,96,90,0
2,1,62,D4,42912,43008,96,90,0
2,1,50,D3,43008,43104,96,90,0
2,1,62,D4,43104,43200,96,90,0
1,0,66,F#4,43200,43584,384,90,0
1,0,74,D5,43200,43584,384,90,0
2,1,50,D3,43200,43584,384,90,0
1,0,62,D4,43776,43968,192,90,0
1,0,65,F4,43968,44160,192,90,0
2,1,50,D3,43968,44064,96,90,0
2,1,57,A3,44064,44160,96,90,0
1,0,69,A4,44160,44352,192,90,0
2,1,53,F3,44160,44256,96,90,0
2,1,57,A3,44256,44352,96,90,0
1,0,74,D5,44352,44544,192,90,0
2,1,50,D3,44352,44448,96,90,0
2,1,57,A3,44448,44544,96,90,0
1,0,77,F5,44544,44736,192,90,0
2,1,53,F3,44544,44640,96,90,0
2,1,57,A3,44640,44736,96,90,0
1,0,68,G#4,44736,45120,384,90,0
2,1,50,D3,44736,44832,96,90,0
2,1,59,B3,44832,44928,96,90,0
2,1,56,G#3,44928,45024,96,90,0
2,1,59,B3,45024,45120,96,90,0
2,1,50,D3,45120,45216,96,90,0
2,1,59,B3,45216,45312,96,90,0
1,0,64,E4,45312,45504,192,90,0
2,1,56,G#3,45312,45408,96,90,0
2,1,59,B3,45408,45504,96,90,0
1,0,68,G#4,45504,45696,192,90,0
2,1,50,D3,45504,45600,96,90,0
2,1,59,B3,45600,45696,96,90,0
1,0,71,B4,45696,45888,192,90,0
2,1,56,G#3,45696,45792,96,90,0
2,1,59,B3,45792,45888,96,90,0
1,0,76,E5,45888,46080,192,90,0
2,1,50,D3,45888,45984,96,90,0
2,1,59,B3,45984,46080,96,90,0
1,0,80,G#5,46080,46272,192,90,0
2,1,56,G#3,46080,46176,96,90,0
2,1,59,B3,46176,46272,96,90,0
1,0,81,A5,46272,46656,384,90,0
2,1,48,C3,46272,46368,96,90,0
2,1,57,A3,46368,46464,96,90,0
2,1,52,E3,46464,46560,96,90,0
2,1,57,A3,46560,46656,96,90,0
2,1,48,C3,46656,46752,96,90,0
2,1,57,A3,46752,46848,96,90,0
1,0,69,A4,46848,47040,192,90,0
2,1,52,E3,46848,46944,96,90,0
2,1,57,A3,46944,47040,96,90,0
1,0,72,C5,47040,47232,192,90,0
2,1,48,C3,47040,47136,96,90,0
2,1,57,A3,47136,47232,96,90,0
1,0,76,E5,47232,47424,192,90,0
2,1,52,E3,47232,47328,96,90,0
2,1,57,A3,47328,47424,96,90,0
1,0,81,A5,47424,47616,192,90,0
2,1,48,C3,47424,47520,96,90,0
2,1,57,A3,47520,47616,96,90,0
1,0,84,C6,47616,47808,192,90,0
2,1,52,E3,47616,47712,96,90,0
2,1,57,A3,47712,47808,96,90,0
1,0,75,D#5,47808,48192,384,90,0
2,1,47,B2,47808,47904,96,90,0
2,1,57,A3,47904,48000,96,90,0
2,1,54,F#3,48000,48096,96,90,0
2,1,57,A3,48096,48192,96,90,0
2,1,47,B2,48192,48288,96,90,0
2,1,57,A3,48288,48384,96,90,0
1,0,81,A5,48384,48576,192,90,0
2,1,54,F#3,48384,48480,96,90,0
2,1,57,A3,48480,48576,96,90,0
1,0,78,F#5,48576,48768,192,90,0
2,1,51,D#3,48576,48672,96,90,0
2,1,59,B3,48672,48768,96,90,0
1,0,75,D#5,48768,48960,192,90,0
2,1,54,F#3,48768,48864,96,90,0
2,1,59,B3,48864,48960,96,90,0
1,0,71,B4,48960,49152,192,90,0
2,1,51,D#3,48960,49056,96,90,0
2,1,59,B3,49056,49152,96,90,0
1,0,69,A4,49152,49344,192,90,0
2,1,54,F#3,49152,49248,96,90,0
2,1,59,B3,49248,49344,96,90,0
1,0,67,G4,49344,49728,384,90,0
2,1,52,E3,49344,49440,96,90,0
2,1,59,B3,49440,49536,96,90,0
2,1,55,G3,49536,49632,96,90,0
2,1,59,B3,49632,49728,96,90,0
2,1,52,E3,49728,49824,96,90,0
2,1,59,B3,49824,49920,96,90,0
1,0,64,E4,49920,50112,192,90,0
2,1,55,G3,49920,50016,96,90,0
2,1,59,B3,50016,50112,96,90,0
1,0,67,G4,50112,50304,192,90,0
2,1,52,E3,50112,50208,96,90,0
2,1,59,B3,50208,50304,96,90,0
1,0,71,B4,50304,50496,192,90,0
2,1,55,G3,50304,50400,96,90,0
2,1,59,B3,50400,50496,96,90,0
1,0,76,E5,50496,50688,192,90,0
2,1,52,E3,50496,50592,96,90,0
2,1,59,B3,50592,50688,96,90,0
1,0,79,G5,50688,50880,192,90,0
2,1,55,G3,50688,50784,96,90,0
2,1,59,B3,50784,50880,96,90,0
1,0,78,F#5,50880,51264,384,90,0
2,1,51,D#3,50880,50976,96,90,0
2,1,59,B3,50976,51072,96,90,0
2,1,54,F#3,51072,51168,96,90,0
2,1,59,B3,51168,51264,96,90,0
2,1,51,D#3,51264,51360,96,90,0
2,1,59,B3,51360,51456,96,90,0
1,0,66,F#4,51456,51648,192,90,0
2,1,54,F#3,51456,51552,96,90,0
2,1,59,B3,51552,51648,96,90,0
1,0,69,A4,51648,51840,192,90,0
2,1,51,D#3,51648,51744,96,90,0
2,1,59,B3,51744,51840,96,90,0
1,0,75,D#5,51840,52032,192,90,0
2,1,54,F#3,51840,51936,96,90,0
2,1,59,B3,51936,52032,96,90,0
1,0,78,F#5,52032,52224,192,90,0
2,1,51,D#3,52032,52128,96,90,0
2,1,59,B3,52128,52224,96,90,0
1,0,81,A5,52224,52416,192,90,0
2,1,54,F#3,52224,52320,96,90,0
2,1,59,B3,52320,52416,96,90,0
1,0,79,G5,52416,52800,384,90,0
2,1,52,E3,52416,52512,96,90,0
2,1,59,B3,52512,52608,96,90,0
2,1,55,G3,52608,52704,96,90,0
2,1,59,B3,52704,52800,96,90,0
2,1,52,E3,52800,52896,96,90,0
2,1,59,B3,52896,52992,96,90,0
1,0,64,E4,52992,53184,192,90,0
2,1,55,G3,52992,53088,96,90,0
2,1,59,B3,53088,53184,96,90,0
1,0,67,G4,53184,53376,192,90,0
2,1,52,E3,53184,53280,96,90,0
2,1,59,B3,53280,53376,96,90,0
1,0,71,B4,53376,53568,192,90,0
2,1,55,G3,53376,53472,96,90,0
2,1,59,B3,53472,53568,96,90,0
1,0,76,E5,53568,53760,192,90,0
2,1,52,E3,53568,53664,96,90,0
2,1,59,B3,53664,53760,96,90,0
1,0,79,G5,53760,53952,192,90,0
2,1,55,G3,53760,53856,96,90,0
2,1,59,B3,53856,53952,96,90,0
1,0,70,A#4,53952,54336,384,90,0
2,1,48,C3,53952,54048,96,90,0
2,1,58,A#3,54048,54144,96,90,0
2,1,52,E3,54144,54240,96,90,0
2,1,58,A#3,54240,54336,96,90,0
2,1,48,C3,54336,54432,96,90,0
2,1,58,A#3,54432,54528,96,90,0
1,0,79,G5,54528,54720,192,90,0
2,1,52,E3,54528,54624,96,90,0
2,1,58,A#3,54624,54720,96,90,0
1,0,78,F#5,54720,54912,192,90,0
2,1,48,C3,54720,54816,96,90,0
2,1,58,A#3,54816,54912,96,90,0
1,0,76,E5,54912,55104,192,90,0
2,1,52,E3,54912,55008,96,90,0
2,1,58,A#3,55008,55104,96,90,0
1,0,75,D#5,55104,55296,192,90,0
2,1,48,C3,55104,55200,96,90,0
2,1,58,A#3,55200,55296,96,90,0
1,0,76,E5,55296,55488,192,90,0
2,1,52,E3,55296,55392,96,90,0
2,1,58,A#3,55392,55488,96,90,0
1,0,75,D#5,55488,55680,192,90,0
2,1,47,B2,55488,55584,96,90,0
2,1,57,A3,55584,55680,96,90,0
1,0,84,C6,55680,55872,192,90,0
2,1,51,D#3,55680,55776,96,90,0
2,1,57,A3,55776,55872,96,90,0
1,0,83,B5,55872,56064,192,90,0
2,1,47,B2,55872,55968,96,90,0
2,1,57,A3,55968,56064,96,90,0
1,0,81,A5,56064,56256,192,90,0
2,1,51,D#3,56064,56160,96,90,0
2,1,57,A3,56160,56256,96,90,0
1,0,80,G#5,56256,56448,192,90,0
2,1,52,E3,56256,56352,96,90,0
2,1,62,D4,56352,56448,96,90,0
1,0,77,F5,56448,56640,192,90,0
2,1,56,G#3,56448,56544,96,90,0
2,1,62,D4,56544,56640,96,90,0
1,0,76,E5,56640,56832,192,90,0
2,1,52,E3,56640,56736,96,90,0
2,1,62,D4,56736,56832,96,90,0
1,0,74,D5,56832,57024,192,90,0
2,1,56,G#3,56832,56928,96,90,0
2,1,62,D4,56928,57024,96,90,0
1,0,73,C#5,57024,57216,192,90,0
2,1,57,A3,57024,57120,96,90,0
2,1,67,G4,57120,57216,96,90,0
1,0,82,A#5,57216,57408,192,90,0
2,1,61,C#4,57216,57312,96,90,0
2,1,67,G4,57312,57408,96,90,0
1,0,81,A5,57408,57600,192,90,0
2,1,57,A3,57408,57504,96,90,0
2,1,67,G4,57504,57600,96,90,0
1,0,79,G5,57600,57792,192,90,0
2,1,61,C#4,57600,57696,96,90,0
2,1,67,G4,57696,57792,96,90,0
1,0,78,F#5,57792,57984,192,90,0
2,1,60,C4,57792,57888,96,90,0
2,1,69,A4,57888,57984,96,90,0
1,0,81,A5,57984,58176,192,90,0
2,1,66,F#4,57984,58080,96,90,0
2,1,69,A4,58080,58176,96,90,0
1,0,86,D6,58176,58368,192,90,0
2,1,60,C4,58176,58272,96,90,0
2,1,69,A4,58272,58368,96,90,0
1,0,78,F#5,58368,58560,192,90,0
2,1,66,F#4,58368,58464,96,90,0
2,1,69,A4,58464,58560,96,90,0
1,0,79,G5,58560,58752,192,90,0
2,1,59,B3,58560,58656,96,90,0
2,1,67,G4,58656,58752,96,90,0
1,0,83,B5,58752,58944,192,90,0
2,1,62,D4,58752,58848,96,90,0
2,1,67,G4,58848,58944,96,90,0
1,0,86,D6,58944,59136,192,90,0
2,1,59,B3,58944,59040,96,90,0
2,1,67,G4,59040,59136,96,90,0
1,0,79,G5,59136,59328,192,90,0
2,1,62,D4,59136,59232,96,90,0
2,1,67,G4,59232,59328,96,90,0
1,0,78,F#5,59328,59520,192,90,0
2,1,60,C4,59328,59424,96,90,0
2,1,69,A4,59424,59520,96,90,0
1,0,81,A5,59520,59712,192,90,0
2,1,66,F#4,59520,59616,96,90,0
2,1,69,A4,59616,59712,96,90,0
1,0,86,D6,59712,59904,192,90,0
2,1,60,C4,59712,59808,96,90,0
2,1,69,A4,59808,59904,96,90,0
1,0,78,F#5,59904,60096,192,90,0
2,1,66,F#4,59904,60000,96,90,0
2,1,69,A4,60000,60096,96,90,0
1,0,79,G5,60096,60288,192,90,0
2,1,58,A#3,60096,60192,96,90,0
2,1,67,G4,60192,60288,96,90,0
1,0,82,A#5,60288,60480,192,90,0
2,1,62,D4,60288,60384,96,90,0
2,1,67,G4,60384,60480,96,90,0
1,0,86,D6,60480,60672,192,90,0
2,1,58,A#3,60480,60576,96,90,0
2,1,67,G4,60576,60672,96,90,0
1,0,74,D5,60672,60864,192,90,0
2,1,62,D4,60672,60768,96,90,0
2,1,67,G4,60768,60864,96,90,0
1,0,75,D#5,60864,61056,192,90,0
2,1,60,C4,60864,60960,96,90,0
2,1,67,G4,60960,61056,96,90,0
1,0,86,D6,61056,61248,192,90,0
2,1,63,D#4,61056,61152,96,90,0
2,1,67,G4,61152,61248,96,90,0
1,0,84,C6,61248,61440,192,90,0
2,1,60,C4,61248,61344,96,90,0
2,1,67,G4,61344,61440,96,90,0
1,0,75,D#5,61440,61632,192,90,0
2,1,63,D#4,61440,61536,96,90,0
2,1,67,G4,61536,61632,96,90,0
1,0,74,D5,61632,61824,192,90,0
2,1,58,A#3,61632,61728,96,90,0
2,1,65,F4,61728,61824,96,90,0
1,0,84,C6,61824,62016,192,90,0
2,1,62,D4,61824,61920,96,90,0
2,1,65,F4,61920,62016,96,90,0
1,0,82,A#5,62016,62208,192,90,0
2,1,55,G3,62016,62112,96,90,0
2,1,63,D#4,62112,62208,96,90,0
1,0,74,D5,62208,62400,192,90,0
2,1,58,A#3,62208,62304,96,90,0
2,1,63,D#4,62304,62400,96,90,0
1,0,72,C5,62400,62592,192,90,0
2,1,57,A3,62400,62496,96,90,0
2,1,63,D#4,62496,62592,96,90,0
1,0,82,A#5,62592,62784,192,90,0
2,1,60,C4,62592,62688,96,90,0
2,1,63,D#4,62688,62784,96,90,0
1,0,81,A5,62784,62976,192,90,0
2,1,54,F#3,62784,62880,96,90,0
2,1,62,D4,62880,62976,96,90,0
1,0,72,C5,62976,63168,192,90,0
2,1,57,A3,62976,63072,96,90,0
2,1,62,D4,63072,63168,96,90,0
1,0,70,A#4,63168,63360,192,90,0
2,1,55,G3,63168,63264,96,90,0
2,1,62,D4,63264,63360,96,90,0
1,0,79,G5,63360,63552,192,90,0
2,1,58,A#3,63360,63456,96,90,0
2,1,62,D4,63456,63552,96,90,0
1,0,69,A4,63552,63744,192,90,0
2,1,53,F3,63552,63648,96,90,0
2,1,62,D4,63648,63744,96,90,0
1,0,81,A5,63744,63936,192,90,0
2,1,57,A3,63744,63840,96,90,0
2,1,62,D4,63840,63936,96,90,0
1,0,67,G4,63936,64128,192,90,0
2,1,51,D#3,63936,64032,96,90,0
2,1,61,C#4,64032,64128,96,90,0
1,0,82,A#5,64128,64320,192,90,0
2,1,55,G3,64128,64224,96,90,0
2,1,61,C#4,64224,64320,96,90,0
1,0,81,A5,64320,64512,192,90,0
2,1,51,D#3,64320,64416,96,90,0
2,1,61,C#4,64416,64512,96,90,0
1,0,79,G5,64512,64704,192,90,0
2,1,55,G3,64512,64608,96,90,0
2,1,61,C#4,64608,64704,96,90,0
1,0,78,F#5,64704,64896,192,90,0
2,1,50,D3,64704,64800,96,90,0
2,1,60,C4,64800,64896,96,90,0
1,0,81,A5,64896,65088,192,90,0
2,1,54,F#3,64896,64992,96,90,0
2,1,60,C4,64992,65088,96,90,0
1,0,84,C6,65088,65184,96,90,0
2,1,50,D3,65088,65184,96,90,0
1,0,81,A5,65184,65280,96,90,0
2,1,60,C4,65184,65280,96,90,0
1,0,78,F#5,65280,65376,96,90,0
2,1,54,F#3,65280,65376,96,90,0
1,0,74,D5,65376,65472,96,90,0
2,1,60,C4,65376,65472,96,90,0
1,0,69,A4,65472,65664,192,90,0
1,0,72,C5,65472,65664,192,90,0
2,1,50,D3,65472,65664,192,90,0
2,1,54,F#3,65472,65664,192,90,0
2,1,60,C4,65472,65664,192,90,0
1,0,71,B4,65664,65760,96,90,0
1,0,72,C5,65760,65856,96,90,0
1,0,74,D5,65856,65952,96,90,0
1,0,72,C5,65952,66048,96,90,0
1,0,71,B4,66048,66144,96,90,0
1,0,69,A4,66144,66240,96,90,0
1,0,67,G4,66240,66336,96,90,0
2,1,55,G3,66240,66624,384,90,0
2,1,59,B3,66240,66624,384,90,0
1,0,66,F#4,66336,66432,96,90,0
1,0,69,A4,66432,66528,96,90,0
1,0,67,G4,66528,66624,96,90,0
1,0,71,B4,66624,66720,96,90,0
1,0,69,A4,66720,66816,96,90,0
1,0,72,C5,66816,66912,96,90,0
1,0,71,B4,66912,67008,96,90,0
1,0,74,D5,67008,67200,192,90,0
1,0,74,D5,67200,67392,192,90,0
2,1,67,G4,67200,67392,192,90,0
2,1,71,B4,67200,67392,192,90,0
1,0,74,D5,67392,67584,192,90,0
2,1,66,F#4,67392,67584,192,90,0
2,1,69,A4,67392,67584,192,90,0
1,0,74,D5,67584,67776,192,90,0
2,1,69,A4,67584,67776,192,90,0
2,1,72,C5,67584,67776,192,90,0
1,0,74,D5,67776,67968,192,90,0
2,1,67,G4,67776,68160,384,90,0
2,1,71,B4,67776,68160,384,90,0
1,0,76,E5,67968,68064,96,90,0
1,0,78,F#5,68064,68160,96,90,0
1,0,81,A5,68160,68256,96,90,0
1,0,79,G5,68256,68352,96,90,0
1,0,78,F#5,68352,68448,96,90,0
1,0,76,E5,68448,68544,96,90,0
1,0,74,D5,68544,68736,192,90,0
1,0,74,D5,68736,68928,192,90,0
2,1,67,G4,68736,68928,192,90,0
2,1,71,B4,68736,68928,192,90,0
1,0,74,D5,68928,69120,192,90,0
2,1,66,F#4,68928,69120,192,90,0
2,1,69,A4,68928,69120,192,90,0
1,0,74,D5,69120,69312,192,90,0
2,1,69,A4,69120,69312,192,90,0
2,1,72,C5,69120,69312,192,90,0
1,0,74,D5,69312,69504,192,90,0
2,1,67,G4,69312,69696,384,90,0
2,1,71,B4,69312,69696,384,90,0
1,0,76,E5,69504,69600,96,90,0
1,0,78,F#5,69600,69696,96,90,0
1,0,81,A5,69696,69792,96,90,0
1,0,79,G5,69792,69888,96,90,0
1,0,78,F#5,69888,69984,96,90,0
2,1,67,G4,69888,70080,192,90,0
2,1,72,C5,69888,70080,192,90,0
1,0,76,E5,69984,70080,96,90,0
1,0,74,D5,70080,70272,192,90,0
2,1,67,G4,70080,70464,384,90,0
2,1,71,B4,70080,70464,384,90,0
1,0,79,G5,70272,70368,96,90,0
1,0,83,B5,70368,70464,96,90,0
1,0,81,A5,70464,70560,96,90,0
1,0,79,G5,70560,70656,96,90,0
1,0,78,F#5,70656,70752,96,90,0
1,0,76,E5,70752,70848,96,90,0
1,0,74,D5,70848,71232,384,90,0
2,1,71,B4,71040,71232,192,90,0
1,0,72,C5,71232,71616,384,90,0
2,1,69,A4,71232,71424,192,90,0
2,1,62,D4,71424,71616,192,90,0
1,0,72,C5,71616,71808,192,90,0
2,1,67,G4,71616,71808,192,90,0
1,0,71,B4,71808,72000,192,90,0
2,1,62,D4,71808,72000,192,90,0
2,1,55,G3,72000,72192,192,90,0
1,0,67,G4,72192,72384,192,90,0
2,1,43,G2,72192,72384,192,90,0
2,1,55,G3,72192,72384,192,90,0
1,0,66,F#4,72384,72576,192,90,0
2,1,42,F#2,72384,72576,192,90,0
2,1,54,F#3,72384,72576,192,90,0
1,0,64,E4,72576,72768,192,90,0
2,1,40,E2,72576,72768,192,90,0
2,1,52,E3,72576,72768,192,90,0
1,0,62,D4,72768,72960,192,90,0
2,1,38,D2,72768,72960,192,90,0
2,1,50,D3,72768,72960,192,90,0
1,0,60,C4,72960,73152,192,90,0
2,1,36,C2,72960,73152,192,90,0
2,1,48,C3,72960,73152,192,90,0
1,0,59,B3,73152,73536,384,90,0
2,1,35,B1,73152,73536,384,90,0
2,1,47,B2,73152,73536,384,90,0
1,0,64,E4,73728,73792,64,90,0
2,1,52,E3,73728,73920,192,90,0
1,0,66,F#4,73792,73856,64,90,0
1,0,64,E4,73856,73920,64,90,0
1,0,62,D4,73920,73984,64,90,0
2,1,50,D3,73920,74112,192,90,0
1,0,64,E4,73984,74048,64,90,0
1,0,62,D4,74048,74112,64,90,0
1,0,60,C4,74112,74176,64,90,0
2,1,48,C3,74112,74304,192,90,0
1,0,62,D4,74176,74240,64,90,0
1,0,60,C4,74240,74304,64,90,0
1,0,59,B3,74304,74368,64,90,0
2,1,47,B2,74304,74496,192,90,0
1,0,60,C4,74368,74432,64,90,0
1,0,59,B3,74432,74496,64,90,0
1,0,57,A3,74496,74560,64,90,0
2,1,45,A2,74496,74688,192,90,0
1,0,59,B3,74560,74624,64,90,0
1,0,57,A3,74624,74688,64,90,0
1,0,56,G#3,74688,74880,192,90,0
2,1,44,G#2,74688,74784,96,90,0
2,1,52,E3,74784,74880,96,90,0
1,0,59,B3,74880,75072,192,90,0
2,1,47,B2,74880,74976,96,90,0
2,1,52,E3,74976,75072,96,90,0
1,0,62,D4,75072,75264,192,90,0
2,1,44,G#2,75072,75168,96,90,0
2,1,52,E3,75168,75264,96,90,0
1,0,68,G#4,75264,75456,192,90,0
2,1,47,B2,75264,75360,96,90,0
2,1,52,E3,75360,75456,96,90,0
1,0,71,B4,75456,75648,192,90,0
2,1,44,G#2,75456,75552,96,90,0
2,1,52,E3,75552,75648,96,90,0
1,0,74,D5,75648,75840,192,90,0
2,1,47,B2,75648,75744,96,90,0
2,1,52,E3,75744,75840,96,90,0
1,0,83,B5,75840,76128,288,90,0
2,1,44,G#2,75840,75936,96,90,0
2,1,52,E3,75936,76032,96,90,0
2,1,47,B2,76032,76128,96,90,0
1,0,74,D5,76128,76224,96,90,0
2,1,52,E3,76128,76224,96,90,0
1,0,74,D5,76224,76320,96,90,0
2,1,45,A2,76224,76320,96,90,0
1,0,72,C5,76320,76416,96,90,0
2,1,52,E3,76320,76416,96,90,0
1,0,71,B4,76416,76512,96,90,0
2,1,48,C3,76416,76512,96,90,0
1,0,69,A4,76512,76608,96,90,0
2,1,52,E3,76512,76608,96,90,0
1,0,69,A4,76608,76800,192,90,0
2,1,45,A2,76608,76704,96,90,0
2,1,52,E3,76704,76800,96,90,0
1,0,69,A4,76800,76992,192,90,0
2,1,48,C3,76800,76896,96,90,0
2,1,52,E3,76896,76992,96,90,0
1,0,72,C5,76992,77568,576,90,0
1,0,81,A5,76992,77568,576,90,0
2,1,42,F#2,76992,77088,96,90,0
2,1,50,D3,77088,77184,96,90,0
2,1,45,A2,77184,77280,96,90,0
2,1,50,D3,77280,77376,96,90,0
2,1,42,F#2,77376,77472,96,90,0
2,1,50,D3,77472,77568,96,90,0
1,0,69,A4,77568,77760,192,90,0
2,1,45,A2,77568,77664,96,90,0
2,1,50,D3,77664,77760,96,90,0
1,0,72,C5,77760,77856,96,90,0
2,1,43,G2,77760,77856,96,90,0
1,0,71,B4,77856,77952,96,90,0
2,1,50,D3,77856,77952,96,90,0
1,0,69,A4,77952,78048,96,90,0
2,1,47,B2,77952,78048,96,90,0
1,0,67,G4,78048,78144,96,90,0
2,1,50,D3,78048,78144,96,90,0
1,0,67,G4,78144,78336,192,90,0
2,1,43,G2,78144,78240,96,90,0
2,1,50,D3,78240,78336,96,90,0
1,0,74,D5,78336,78528,192,90,0
2,1,47,B2,78336,78432,96,90,0
2,1,50,D3,78432,78528,96,90,0
1,0,74,D5,78528,78624,96,90,0
2,1,42,F#2,78528,78624,96,90,0
1,0,72,C5,78624,78720,96,90,0
2,1,50,D3,78624,78720,96,90,0
1,0,71,B4,78720,78816,96,90,0
2,1,45,A2,78720,78816,96,90,0
1,0,72,C5,78816,78912,96,90,0
2,1,50,D3,78816,78912,96,90,0
1,0,69,A4,78912,79104,192,90,0
2,1,42,F#2,78912,79008,96,90,0
2,1,50,D3,79008,79104,96,90,0
1,0,72,C5,79104,79296,192,90,0
2,1,45,A2,79104,79200,96,90,0
2,1,50,D3,79200,79296,96,90,0
1,0,72,C5,79296,79392,96,90,0
2,1,43,G2,79296,79392,96,90,0
1,0,71,B4,79392,79488,96,90,0
2,1,50,D3,79392,79488,96,90,0
1,0,69,A4,79488,79584,96,90,0
2,1,47,B2,79488,79584,96,90,0
1,0,67,G4,79584,79680,96,90,0
2,1,50,D3,79584,79680,96,90,0
1,0,67,G4,79680,79872,192,90,0
2,1,47,B2,79680,79776,96,90,0
2,1,55,G3,79776,79872,96,90,0
1,0,79,G5,79872,80064,192,90,0
2,1,50,D3,79872,79968,96,90,0
2,1,55,G3,79968,80064,96,90,0
1,0,78,F#5,80064,80160,96,90,0
2,1,48,C3,80064,80448,384,90,0
1,0,76,E5,80160,80256,96,90,0
1,0,74,D5,80256,80352,96,90,0
1,0,72,C5,80352,80448,96,90,0
1,0,71,B4,80448,80544,96,90,0
1,0,69,A4,80544,80640,96,90,0
1,0,72,C5,80640,80736,96,90,0
1,0,69,A4,80736,80832,96,90,0
1,0,67,G4,80832,81216,384,90,0
2,1,50,D3,80832,81024,192,90,0
2,1,45,A2,81024,81216,192,90,0
1,0,66,F#4,81216,81408,192,90,0
2,1,38,D2,81216,81408,192,90,0
1,0,62,D4,81408,81600,192,90,0
1,0,67,G4,81600,81984,384,90,0
2,1,55,G3,81600,81696,96,90,0
2,1,62,D4,81696,81792,96,90,0
2,1,59,B3,81792,81888,96,90,0
2,1,62,D4,81888,81984,96,90,0
1,0,72,C5,81984,82080,96,90,0
2,1,55,G3,81984,82080,96,90,0
1,0,71,B4,82080,82176,96,90,0
2,1,62,D4,82080,82176,96,90,0
1,0,69,A4,82176,82272,96,90,0
2,1,59,B3,82176,82272,96,90,0
1,0,67,G4,82272,82368,96,90,0
2,1,62,D4,82272,82368,96,90,0
1,0,67,G4,82368,82560,192,90,0
2,1,57,A3,82368,82464,96,90,0
2,1,62,D4,82464,82560,96,90,0
1,0,66,F#4,82560,82752,192,90,0
2,1,60,C4,82560,82656,96,90,0
2,1,62,D4,82656,82752,96,90,0
1,0,64,E4,82752,82944,192,90,0
2,1,57,A3,82752,82848,96,90,0
2,1,62,D4,82848,82944,96,90,0
1,0,62,D4,82944,83136,192,90,0
2,1,60,C4,82944,83040,96,90,0
2,1,62,D4,83040,83136,96,90,0
1,0,69,A4,83136,83520,384,90,0
2,1,54,F#3,83136,83232,96,90,0
2,1,62,D4,83232,83328,96,90,0
2,1,57,A3,83328,83424,96,90,0
2,1,62,D4,83424,83520,96,90,0
1,0,74,D5,83520,83616,96,90,0
2,1,54,F#3,83520,83616,96,90,0
1,0,72,C5,83616,83712,96,90,0
2,1,62,D4,83616,83712,96,90,0
1,0,71,B4,83712,83808,96,90,0
2,1,57,A3,83712,83808,96,90,0
1,0,69,A4,83808,83904,96,90,0
2,1,62,D4,83808,83904,96,90,0
1,0,69,A4,83904,84096,192,90,0
2,1,55,G3,83904,84000,96,90,0
2,1,62,D4,84000,84096,96,90,0
1,0,71,B4,84096,84288,192,90,0
2,1,59,B3,84096,84192,96,90,0
2,1,62,D4,84192,84288,96,90,0
2,1,55,G3,84288,84384,96,90,0
2,1,62,D4,84384,84480,96,90,0
1,0,74,D5,84480,84672,192,90,0
2,1,59,B3,84480,84576,96,90,0
2,1,62,D4,84576,84672,96,90,0
1,0,79,G5,84672,85056,384,90,0
2,1,55,G3,84672,84768,96,90,0
2,1,62,D4,84768,84864,96,90,0
2,1,59,B3,84864,84960,96,90,0
2,1,62,D4,84960,85056,96,90,0
1,0,84,C6,85056,85152,96,90,0
2,1,55,G3,85056,85152,96,90,0
1,0,83,B5,85152,85248,96,90,0
2,1,62,D4,85152,85248,96,90,0
1,0,81,A5,85248,85344,96,90,0
2,1,59,B3,85248,85344,96,90,0
1,0,79,G5,85344,85440,96,90,0
2,1,62,D4,85344,85440,96,90,0
1,0,79,G5,85440,85632,192,90,0
2,1,57,A3,85440,85536,96,90,0
2,1,62,D4,85536,85632,96,90,0
1,0,78,F#5,85632,85824,192,90,0
2,1,60,C4,85632,85728,96,90,0
2,1,62,D4,85728,85824,96,90,0
2,1,57,A3,85824,85920,96,90,0
2,1,62,D4,85920,86016,96,90,0
1,0,74,D5,86016,86208,192,90,0
2,1,60,C4,86016,86112,96,90,0
2,1,62,D4,86112,86208,96,90,0
1,0,81,A5,86208,86592,384,90,0
2,1,54,F#3,86208,86304,96,90,0
2,1,62,D4,86304,86400,96,90,0
2,1,57,A3,86400,86496,96,90,0
2,1,62,D4,86496,86592,96,90,0
1,0,86,D6,86592,86688,96,90,0
2,1,54,F#3,86592,86688,96,90,0
1,0,84,C6,86688,86784,96,90,0
2,1,62,D4,86688,86784,96,90,0
1,0,83,B5,86784,86880,96,90,0
2,1,57,A3,86784,86880,96,90,0
1,0,81,A5,86880,86976,96,90,0
2,1,62,D4,86880,86976,96,90,0
1,0,81,A5,86976,87168,192,90,0
2,1,55,G3,86976,87072,96,90,0
2,1,62,D4,87072,87168,96,90,0
1,0,83,B5,87168,87360,192,90,0
2,1,59,B3,87168,87264,96,90,0
2,1,62,D4,87264,87360,96,90,0
2,1,55,G3,87360,87456,96,90,0
2,1,62,D4,87456,87552,96,90,0
1,0,74,D5,87552,87744,192,90,0
2,1,59,B3,87552,87648,96,90,0
2,1,62,D4,87648,87744,96,90,0
1,0,74,D5,87744,87840,96,90,0
2,1,59,B3,87744,88128,384,90,0
1,0,86,D6,87840,87936,96,90,0
1,0,84,C6,87936,88032,96,90,0
1,0,83,B5,88032,88128,96,90,0
1,0,81,A5,88128,88224,96,90,0
1,0,79,G5,88224,88320,96,90,0
1,0,78,F#5,88320,88416,96,90,0
1,0,79,G5,88416,88512,96,90,0
1,0,76,E5,88512,88704,192,90,0
2,1,60,C4,88512,88608,96,90,0
2,1,72,C5,88608,88704,96,90,0
1,0,80,G#5,88704,88896,192,90,0
2,1,59,B3,88704,88800,96,90,0
2,1,71,B4,88800,88896,96,90,0
1,0,81,A5,88896,89088,192,90,0
2,1,57,A3,88896,88992,96,90,0
2,1,69,A4,88992,89088,96,90,0
1,0,83,B5,89088,89280,192,90,0
2,1,56,G#3,89088,89184,96,90,0
2,1,68,G#4,89184,89280,96,90,0
2,1,57,A3,89280,89664,384,90,0
1,0,84,C6,89376,89472,96,90,0
1,0,83,B5,89472,89568,96,90,0
1,0,81,A5,89568,89664,96,90,0
1,0,79,G5,89664,89760,96,90,0
1,0,78,F#5,89760,89856,96,90,0
1,0,76,E5,89856,89952,96,90,0
1,0,78,F#5,89952,90048,96,90,0
1,0,74,D5,90048,90240,192,90,0
2,1,59,B3,90048,90144,96,90,0
2,1,71,B4,90144,90240,96,90,0
1,0,78,F#5,90240,90432,192,90,0
2,1,57,A3,90240,90336,96,90,0
2,1,69,A4,90336,90432,96,90,0
1,0,79,G5,90432,90624,192,90,0
2,1,55,G3,90432,90528,96,90,0
2,1,67,G4,90528,90624,96,90,0
1,0,81,A5,90624,90816,192,90,0
2,1,54,F#3,90624,90720,96,90,0
2,1,66,F#4,90720,90816,96,90,0
2,1,55,G3,90816,91200,384,90,0
1,0,83,B5,90912,91008,96,90,0
1,0,81,A5,91008,91104,96,90,0
1,0,79,G5,91104,91200,96,90,0
1,0,78,F#5,91200,91296,96,90,0
1,0,76,E5,91296,91392,96,90,0
1,0,74,D5,91392,91488,96,90,0
1,0,76,E5,91488,91584,96,90,0
1,0,72,C5,91584,91776,192,90,0
2,1,57,A3,91584,91680,96,90,0
2,1,69,A4,91680,91776,96,90,0
1,0,76,E5,91776,91968,192,90,0
2,1,55,G3,91776,91872,96,90,0
2,1,67,G4,91872,91968,96,90,0
1,0,78,F#5,91968,92160,192,90,0
2,1,54,F#3,91968,92064,96,90,0
2,1,66,F#4,92064,92160,96,90,0
1,0,79,G5,92160,92352,192,90,0
2,1,52,E3,92160,92256,96,90,0
2,1,64,E4,92256,92352,96,90,0
2,1,54,F#3,92352,92736,384,90,0
1,0,81,A5,92448,92544,96,90,0
1,0,79,G5,92544,92640,96,90,0
1,0,78,F#5,92640,92736,96,90,0
1,0,76,E5,92736,92832,96,90,0
1,0,74,D5,92832,92928,96,90,0
1,0,76,E5,92928,93024,96,90,0
1,0,72,C5,93024,93120,96,90,0
1,0,71,B4,93120,93312,192,90,0
2,1,55,G3,93120,93216,96,90,0
2,1,62,D4,93216,93312,96,90,0
1,0,79,G5,93312,93504,192,90,0
2,1,59,B3,93312,93408,96,90,0
2,1,62,D4,93408,93504,96,90,0
1,0,78,F#5,93504,93696,192,90,0
2,1,55,G3,93504,93600,96,90,0
2,1,62,D4,93600,93696,96,90,0
1,0,86,D6,93696,93888,192,90,0
2,1,59,B3,93696,93792,96,90,0
2,1,62,D4,93792,93888,96,90,0
1,0,83,B5,93888,94080,192,90,0
2,1,55,G3,93888,93984,96,90,0
2,1,62,D4,93984,94080,96,90,0
1,0,79,G5,94080,94272,192,90,0
2,1,59,B3,94080,94176,96,90,0
2,1,62,D4,94176,94272,96,90,0
1,0,78,F#5,94272,94464,192,90,0
2,1,55,G3,94272,94368,96,90,0
2,1,62,D4,94368,94464,96,90,0
1,0,72,C5,94464,94656,192,90,0
2,1,59,B3,94464,94560,96,90,0
2,1,62,D4,94560,94656,96,90,0
1,0,71,B4,94656,94848,192,90,0
2,1,55,G3,94656,94752,96,90,0
2,1,62,D4,94752,94848,96,90,0
1,0,79,G5,94848,94912,64,90,0
2,1,59,B3,94848,94944,96,90,0
1,0,81,A5,94912,94976,64,90,0
2,1,62,D4,94944,95040,96,90,0
1,0,79,G5,94976,95040,64,90,0
1,0,78,F#5,95040,95232,192,90,0
2,1,55,G3,95040,95136,96,90,0
2,1,62,D4,95136,95232,96,90,0
1,0,86,D6,95232,95424,192,90,0
2,1,59,B3,95232,95328,96,90,0
2,1,62,D4,95328,95424,96,90,0
1,0,83,B5,95424,95616,192,90,0
2,1,55,G3,95424,95520,96,90,0
2,1,62,D4,95520,95616,96,90,0
1,0,79,G5,95616,95808,192,90,0
2,1,59,B3,95616,95712,96,90,0
2,1,62,D4,95712,95808,96,90,0
1,0,78,F#5,95808,96000,192,90,0
2,1,55,G3,95808,95904,96,90,0
2,1,62,D4,95904,96000,96,90,0
1,0,72,C5,96000,96192,192,90,0
2,1,59,B3,96000,96096,96,90,0
2,1,62,D4,96096,96192,96,90,0
1,0,71,B4,96192,96384,192,90,0
2,1,55,G3,96192,96288,96,90,0
2,1,62,D4,96288,96384,96,90,0
1,0,79,G5,96384,96576,192,90,0
2,1,59,B3,96384,96480,96,90,0
2,1,62,D4,96480,96576,96,90,0
1,0,77,F5,96576,96768,192,90,0
2,1,59,B3,96576,96672,96,90,0
2,1,67,G4,96672,96768,96,90,0
1,0,74,D5,96768,96960,192,90,0
2,1,62,D4,96768,96864,96,90,0
2,1,67,G4,96864,96960,96,90,0
1,0,75,D#5,96960,97344,384,90,0
2,1,60,C4,96960,97056,96,90,0
2,1,67,G4,97056,97152,96,90,0
2,1,64,E4,97152,97248,96,90,0
2,1,67,G4,97248,97344,96,90,0
1,0,76,E5,97344,97536,192,90,0
2,1,60,C4,97344,97536,192,90,0
1,0,76,E5,97536,97632,96,90,0
1,0,72,C5,97632,97728,96,90,0
1,0,74,D5,97728,97824,96,90,0
1,0,71,B4,97824,97920,96,90,0
1,0,72,C5,97920,98016,96,90,0
1,0,69,A4,98016,98112,96,90,0
1,0,71,B4,98112,98208,96,90,0
1,0,67,G4,98208,98304,96,90,0
1,0,69,A4,98304,98400,96,90,0
2,1,50,D3,98304,98496,192,90,0
1,0,66,F#4,98400,98496,96,90,0
1,0,67,G4,98496,98688,192,90,0
2,1,52,E3,98496,98592,96,90,0
2,1,61,C#4,98592,98688,96,90,0
1,0,79,G5,98688,98880,192,90,0
2,1,55,G3,98688,98784,96,90,0
2,1,61,C#4,98784,98880,96,90,0
1,0,79,G5,98880,99072,192,90,0
2,1,52,E3,98880,98976,96,90,0
2,1,61,C#4,98976,99072,96,90,0
1,0,79,G5,99072,99264,192,90,0
2,1,55,G3,99072,99168,96,90,0
2,1,61,C#4,99168,99264,96,90,0
1,0,78,F#5,99264,99456,192,90,0
2,1,50,D3,99264,99360,96,90,0
2,1,62,D4,99360,99456,96,90,0
1,0,72,C5,99456,99648,192,90,0
2,1,54,F#3,99456,99552,96,90,0
2,1,62,D4,99552,99648,96,90,0
1,0,72,C5,99648,99840,192,90,0
2,1,50,D3,99648,99744,96,90,0
2,1,62,D4,99744,99840,96,90,0
1,0,72,C5,99840,100032,192,90,0
2,1,54,F#3,99840,99936,96,90,0
2,1,62,D4,99936,100032,96,90,0
1,0,71,B4,100032,100224,192,90,0
2,1,55,G3,100032,100128,96,90,0
2,1,62,D4,100128,100224,96,90,0
1,0,65,F4,100224,100416,192,90,0
2,1,59,B3,100224,100320,96,90,0
2,1,62,D4,100320,100416,96,90,0
1,0,65,F4,100416,100608,192,90,0
2,1,55,G3,100416,100512,96,90,0
2,1,62,D4,100512,100608,96,90,0
1,0,65,F4,100608,100800,192,90,0
2,1,59,B3,100608,100704,96,90,0
2,1,62,D4,100704,100800,96,90,0
1,0,64,E4,100800,100992,192,90,0
2,1,60,C4,100800,101184,384,90,0
1,0,75,D#5,100992,101088,96,90,0
1,0,76,E5,101088,101184,96,90,0
1,0,74,D5,101184,101280,96,90,0
1,0,72,C5,101280,101376,96,90,0
1,0,71,B4,101376,101472,96,90,0
1,0,69,A4,101472,101568,96,90,0
1,0,67,G4,101568,101952,384,90,0
2,1,47,B2,101760,101952,192,90,0
1,0,69,A4,101952,102336,384,90,0
2,1,48,C3,101952,102144,192,90,0
2,1,50,D3,102144,102336,192,90,0
1,0,67,G4,102336,102528,192,90,0
2,1,52,E3,102336,102432,96,90,0
2,1,61,C#4,102432,102528,96,90,0
1,0,79,G5,102528,102720,192,90,0
2,1,55,G3,102528,102624,96,90,0
2,1,61,C#4,102624,102720,96,90,0
1,0,79,G5,102720,102912,192,90,0
2,1,52,E3,102720,102816,96,90,0
2,1,61,C#4,102816,102912,96,90,0
1,0,79,G5,102912,103104,192,90,0
2,1,55,G3,102912,103008,96,90,0
2,1,61,C#4,103008,103104,96,90,0
1,0,78,F#5,103104,103296,192,90,0
2,1,50,D3,103104,103200,96,90,0
2,1,62,D4,103200,103296,96,90,0
1,0,72,C5,103296,103488,192,90,0
2,1,54,F#3,103296,103392,96,90,0
2,1,62,D4,103392,103488,96,90,0
1,0,72,C5,103488,103680,192,90,0
2,1,50,D3,103488,103584,96,90,0
2,1,62,D4,103584,103680,96,90,0
1,0,72,C5,103680,103872,192,90,0
2,1,54,F#3,103680,103776,96,90,0
2,1,62,D4,103776,103872,96,90,0
1,0,71,B4,103872,104064,192,90,0
2,1,55,G3,103872,103968,96,90,0
2,1,62,D4,103968,104064,96,90,0
1,0,65,F4,104064,104256,192,90,0
2,1,59,B3,104064,104160,96,90,0
2,1,62,D4,104160,104256,96,90,0
1,0,65,F4,104256,104448,192,90,0
2,1,55,G3,104256,104352,96,90,0
2,1,62,D4,104352,104448,96,90,0
1,0,65,F4,104448,104640,192,90,0
2,1,59,B3,104448,104544,96,90,0
2,1,62,D4,104544,104640,96,90,0
1,0,64,E4,104640,104832,192,90,0
2,1,60,C4,104640,105024,384,90,0
1,0,75,D#5,104832,104928,96,90,0
1,0,76,E5,104928,105024,96,90,0
1,0,74,D5,105024,105120,96,90,0
1,0,72,C5,105120,105216,96,90,0
1,0,71,B4,105216,105312,96,90,0
1,0,69,A4,105312,105408,96,90,0
1,0,67,G4,105408,105792,384,90,0
2,1,47,B2,105600,105792,192,90,0
1,0,69,A4,105792,106176,384,90,0
2,1,48,C3,105792,105984,192,90,0
2,1,50,D3,105984,106176,192,90,0
1,0,71,B4,106176,106272,96,90,0
2,1,55,G3,106176,106368,192,90,0
1,0,67,G4,106272,106368,96,90,0
1,0,79,G5,106368,106464,96,90,0
2,1,47,B2,106368,106560,192,90,0
1,0,74,D5,106464,106560,96,90,0
1,0,76,E5,106560,106656,96,90,0
2,1,48,C3,106560,106944,384,90,0
1,0,71,B4,106656,106752,96,90,0
1,0,72,C5,106752,106848,96,90,0
1,0,69,A4,106848,106944,96,90,0
1,0,67,G4,106944,107328,384,90,0
2,1,47,B2,107136,107328,192,90,0
1,0,69,A4,107328,107712,384,90,0
2,1,48,C3,107328,107520,192,90,0
2,1,50,D3,107520,107712,192,90,0
1,0,67,G4,107712,107904,192,90,0
2,1,43,G2,107712,107808,96,90,0
2,1,55,G3,107808,107904,96,90,0
2,1,43,G2,107904,108000,96,90,0
2,1,55,G3,108000,108096,96,90,0
1,0,66,F#4,108096,108288,192,90,0
1,0,72,C5,108096,108288,192,90,0
2,1,43,G2,108096,108192,96,90,0
2,1,55,G3,108192,108288,96,90,0
2,1,43,G2,108288,108384,96,90,0
2,1,55,G3,108384,108480,96,90,0
1,0,67,G4,108480,108672,192,90,0
1,0,71,B4,108480,108672,192,90,0
2,1,43,G2,108480,108576,96,90,0
2,1,55,G3,108576,108672,96,90,0
2,1,43,G2,108672,108768,96,90,0
2,1,55,G3,108768,108864,96,90,0
1,0,60,C4,108864,109056,192,90,0
1,0,66,F#4,108864,109056,192,90,0
2,1,43,G2,108864,108960,96,90,0
2,1,55,G3,108960,109056,96,90,0
2,1,43,G2,109056,109152,96,90,0
2,1,55,G3,109152,109248,96,90,0
1,0,59,B3,109248,109632,384,90,0
1,0,62,D4,109248,109632,384,90,0
1,0,67,G4,109248,109632,384,90,0
2,1,43,G2,109248,109632,384,90,0
